main_headline,classification,year
LARGE FORCE OF REBELS AT NEW-MADRID,1,1861
THE PRESIDENT AND GEN. SCOTT.,1,1861
RETURN OF THE BOSTON LIGHT ARTILLERY.,1,1861
TWADDLE.,1,1861
HOUSE OF REPRESENTATIVES.,1,1861
VESSELS FOR KEY WEST.,1,1861
MARRIED.,1,1861
Arrivals in the City.,1,1861
PROCEEDINGS OF CONGRESS.; SENATE.,1,1861
A STARTLING FINANCIAL ITEM.,1,1861
Arrivals in the City.,1,1861
QUESTIONABLE REBEL REPORTS.,1,1861
COL. MARTIN OF THE SEVENTY-FIRST.,1,1861
FROM BALTIMORE.; ARRIVAL OF THE POLICE COMMISSIONERS AS PRISONERS.,1,1861
THE WAR ON THE KANAWHA.; RETREAT OF GEN. WISE.,1,1861
RETURN OF THE BOSTON LIGHT ARTILLERY.,1,1861
Markets by Telegraph.,1,1861
A SPEECH FROM PRESIDENT DAVIS.,1,1861
ABOUT PRISONERS OF WAR.,1,1861
LATEST REPORTS FROM MISSOURI.,1,1861
GEN. PATTERSON'S DEFENCE.,1,1861
DOINGS OF THE REBEL CONGRESS.,1,1861
MOVEMENTS OF PRINCE NAPOLEON,1,1861
To Subscribers.,1,1861
MILITARY MOVEMENTS IN MISSOURI.,1,1861
A CARD FROM ALEXANDER CUMMINGS.,1,1861
MILITARY MOVEMENT IN NEBRASKA.,1,1861
The Cabinet.,1,1861
RETURN OF THE TWELFTH REGIMENT.,1,1861
THE KILLED AND WOUNDED.,1,1861
Loyalty in Missouri.,1,1861
Arrest for Libel.,1,1861
WOUNDED AND PRISONERS.,1,1861
New-Jersey.,1,1861
NEW OUTRAGES ALONG THE IOWA LINE,1,1861
Albany Live Stock Market.,1,1861
MILITARY AND NAVAL MOVEMENTS.,1,1861
THE NEW GENERALS.,1,1861
THE HORSE MARKET.,1,1861
Passengers Sailed.,1,1861
Markets by Telegraph.,1,1861
Passengers Sailed.,1,1861
MORE TROOPS FOR THE WAR.,1,1861
"BAD FOR THE REPORTERS.""",1,1861
JUSTICE TO COL. MARTIN.,1,1861
THE NEW-YORK TWELFTH COMING HOME.,1,1861
AN INCIDENT OF THE BULL RUN FIGHT.,1,1861
THE RETURNING REGIMENTS.,1,1861
Movements of Ocean Steamers.,1,1861
MILITARY AND NAVAL MOVEMENTS.,1,1861
INCIDENTS OF THE BATTLE.,1,1861
Amusements this Evening.,1,1861
MORE TROOPS WANTED.,1,1861
THE PRIZE SCHOONER TROPIC WIND AT SANDY HOOK.,1,1861
The National Hymn.,1,1861
BROOKLYN NEWS.,1,1861
IOWA ACTIVE.; The Davenport (Iowa) Gazette says:,1,1861
RETURN OF THE TWELFTH REGIMENT.,1,1861
THE RETURNING REGIMENTS.,1,1861
LATEST REPORTS FROM FORTRESS MONROE.,1,1861
DIED.,1,1861
The Other Side of the Story.,1,1861
The Health of the Army.,1,1861
FROM GEN. BANKS' DIVISION.,1,1861
GENERAL MARKETS.,1,1861
BROOKLYN NEWS.,1,1861
"AN INQUIRY AFTER CHAPLAIN EDDY, OF THE SECOND CONNECTICUT.",1,1861
THE NEW-YORK TWELFTH COMING HOME.,1,1861
THE WOUNDED CONFEDERATES.,1,1861
TROOPS FOR GEN. HARDEE.,1,1861
SOUTHERN NEWS THROUGH LOUISVILLE,1,1861
Mails Close at the Post-office.,1,1861
"ENGLAND, THE UNITED STATES AND CANADA.",1,1861
THE CALL FOR THE NEW REGIMENTS.,1,1861
THAT FLAG OF TRUCE.,1,1861
INTERESTING FROM THE EXTREME WEST.,1,1861
A CARD FROM ALEXANDER CUMMINGS.,1,1861
SOUTHERN NEWS.,1,1861
New-Jersey.,1,1861
MORE ACTIVITY.,1,1861
FROM THE OSAGE INDIAN REGION.,1,1861
MARRIED.,1,1861
MINIATURE ALMANAC THIS DAY.,1,1861
Orbituary.,1,1861
Uniformity in Uniforms.,1,1861
By Telegraph.,1,1861
MILITARY AND NAVAL MOVEMENTS.,1,1861
Arrivals in the City.,1,1861
Markets by Telegraph.,1,1861
How to Solve the Slavery Question.,1,1861
LATEST VIA QUEENSTOWN.,1,1861
Passengers Arrived.,1,1861
UNION DEFENCE COMMITTEE.,1,1861
BOYS DROWNED WHILE BATHING.,1,1861
MORE TROOPS FOR THE WAR.,1,1861
MOVEMENTS OF TROOPS IN MASSACHUSETTS.,1,1861
Passengers Arrived.,1,1861
AFFAIRS AT FORTRESS MONROE.; ANOTHER EXPEDITION AGAINST THE REBELS.,1,1861
Chamber of Commerce.,1,1861
Mails Close at the Post-office.,1,1861
No Time for Peace.,1,1861
TREASURE TROVE.,1,1861
THE FIRST ORDER OF GEN. McCLELLAN.,1,1861
LARGE FORCE OF REBELS AT NEW MADRID,1,1861
To Subscribers.,1,1861
GENERAL CITY NEWS.,1,1861
PROCEEDINGS OF CONGRESS.; SENATE.,1,1861
Movements of Ocean Steamers.,1,1861
COMMENTS ON THE BUDGET OF SECRETARY CHASE.,1,1861
A CORRECTION.,1,1861
Passengers Sailed.,1,1861
OUR WOUNDED AT MANASSAS.,1,1861
ARRIVAL OF THE VIXEN.,1,1861
Amusements this Evening.,1,1861
RETURN OF THE FIRST MAINE REGIMENT.,1,1861
HOUSE OF REPRESENTATIVES.,1,1861
Attorney's Lien for Costs.,1,1861
FEMALE SPIES IN WASHINGTON.,1,1861
GOV. WISE COMPLETELY SURROUNDED.,1,1861
CAPT. E.L. VIELE.,1,1861
DEPARTURE OF THE ONONDAGA COUNTY CAVALRY.,1,1861
SUICIDE BY DROWNING.,1,1861
Bay of the Surgical Staff of the Army.,1,1861
PAY OF CENSUS-TAKERS.,1,1861
A MOVE IN THE RIGHT DIRECTION.,1,1861
WISE'S FLIGHT FROM GAULEY BRIDGE.,1,1861
THE RIVAL MILITARY ROUTES TO WASHINGTON.,1,1861
WIARD'S STEEL RIFLED CANNON.,1,1861
MINIATURE ALMANAC.,1,1861
Accident to the Steamer Metropolis.,1,1861
Col. Henderson not a Secession Agent at London.,1,1861
The Battle of the 21st.,1,1861
Vigor of the Rebels.,1,1861
MARINE INTELLIGENCE.; Cleared.,1,1861
Miscellaneous.,1,1861
LATEST REPORTS FROM MISSOURI.,1,1861
ILLINOIS ACTIVE.,1,1861
Panics in Armies.; From the Commercial.,1,1861
Romance Among the Rebels.,1,1861
Decisions.,1,1861
Prince Napoleon in Philadelphia.,1,1861
Passengers Sailed.,1,1861
THE PRIZE BRIG HERALD,1,1861
SOUTHERN NEWS THROUGH LOUISVILLE.,1,1861
ATTEMPTS AT SUICIDE.,1,1861
NEWS OF THE DAY.,1,1861
The Sanitary Care of the Army.,1,1861
DIED.,1,1861
GENERAL MARKETS.,1,1861
BROOKLYN MILITARY MATTERS.,1,1861
LATEST REPORTS FROM CAIRO.,1,1861
HOUSE OF REPRESENTATIVES.,1,1861
Personal.,1,1861
Arrived.,1,1861
Philadelphia Stock Board.,1,1861
FROM THE OSAGE INDIAN REGION.,1,1861
THE ENCHANTRESS.; GEN. WHEAT.,1,1861
Amusements.,1,1861
"From Jefferson City, Missouri.",1,1861
REPORTS FROM ALEXANDRIA.,1,1861
IMPORTANT FROM CAIRO.; REBELS ASSEMBLING AT NEW-MADRID.,1,1861
The Cotton Crop.,1,1861
RUNNING THE BLOCKADE.,1,1861
THE NEW PENNSYLVANIA TROOPS.,1,1861
THE MILITARY SITUATION IN MISSOURI.,1,1861
LATEST REPORTS FROM MISSOURI.,1,1861
DISPATCH TO THE ASSOCIATED PRESS.,1,1861
Peace with Rebellion.,1,1861
To Subscribers.,1,1861
FAIRFAX REOCCUPIED.,1,1861
The Case of Mr. Hurlbert.,1,1861
PROCEEDINGS OF CONGRESS.; SENATE.,1,1861
Death of Hon.Win. Dimmick,1,1861
THE TWENTIETH REGIMENT AT HOME.,1,1861
"REBEL EXPEDITION UP THE MISSISSIPPI; SIX STEAMBOATS FULL OF TROOPS LEAVE, RANDOPH, TENN.",1,1861
A HEAVY ROBBERY,1,1861
DIED.,1,1861
UNIONISTS DRIVEN OUT OF TEXAS AND AR KANSAS.,1,1861
Markets by Telegraph.,1,1861
MOVEMENTS OF MISSOURI TROOPS.,1,1861
"THE TWELFTH REGIMENT TO BE MUSTERED OUT OF THE UNITED STATES SERVICE.; HEAD-QUARTERS TWELFTH REGIMENT, N.Y.S.T., THE EIGHTH REGIMENT N.Y.S.M. MUSTERED OUT OF THE U.S. SERVICE. THE SECOND REGIMENT OF FIRE ZOUAVES. TEMPERANCE IN THE ARMY. THE THIRTY-EIGHTH REGIMENT. THE UNION GUARD. THE CAMERON RIFLES. THE CLINTON RIFLES. SUBSCRIPTIONS TO COL. BERDAN'S REGIMENT. BROOKLYN MILITARY MATTERS.",1,1861
Gen. McDowell.,1,1861
AN ELOPEMENT TRAGEDY,1,1861
Newspaper Train.,1,1861
Amusements this Evening.,1,1861
THE BLOCKADE.,1,1861
TIME FOR ARGUMENT PASSED.,1,1861
THE GREAT EASTERN,1,1861
HOUSE OF REPRESENTATIVES,1,1861
AFTER THE BATTLE.,1,1861
GEN. FREMONT AT CAIRO.,1,1861
LETTERS FOR THE SOUTH.,1,1861
CAPT. VARIAN'S BATTERY.,1,1861
THE OBJECT OF THE EXPEDITION FROM FORTRESS MONROE.,1,1861
MARRIED.,1,1861
Mails Close at the Post-office.,1,1861
THE WAR ELEMENT OF THE WORLD,1,1861
MAJOR COOK'S BATTERY.,1,1861
THE EXPEDITION ALONG THE KANAWHA.,1,1861
FINAL DISPOSAL OF THE FAMOUS DIGHTON; Rock,1,1861
AN APPRECIATIVE NOTICE.,1,1861
Movements of Ocean Steamers.,1,1861
THE MASSACHUSETTS SIXTH.,1,1861
A Carnival for Croakers.,1,1861
Below.,1,1861
THE ALABAMA.,1,1861
To Subscribers.,1,1861
"AFFAIRS IN CALIFORNIA.; Republican Appointees in the Mint Assault Each Other A Very Superior Court and a First-class Earthquake Gov. Nye and his Private Secretaries Fourth of July Celebrations Freaks of Straggling Secessionists, &c.",1,1861
THE GREAT REBELLION; Important News From Washington. Appointments of Major and Brigadier Generals Confirmed by the Senate. Interesting Congressional Proceedings. An Insulting Memorial from the Maryland Legislature. Congress Positively to Adjourn on Tuesday. AFFAIRS AT HARPER'S FERRY.THE REBEL SCOUTS AT BOLIVAR. Arrest of a Prominent Maryland Secessionist. Important Military Movementsin Missouri. Camp of Thirty Thousand Troops to be Established at Jefferson City.,1,1861
Movements of Prince Napoleon.,1,1861
"Mr. Crittenden, of Kentucky.",1,1861
THE WAY TO DO IT.,1,1861
ACCIDENT TO ONE OF COOK'S BATTERY.,1,1861
"COMING THE GIRAFFE.""",1,1861
HOW THE CONFEDERATES GET SOLDIERS.,1,1861
HOUSE OF REPRESENTATIVES.,1,1861
Senator Breckinridge and Freedom of Speech.,1,1861
EX-GOV. MOREHEAD AGAIN.,1,1861
From the Sandwich Islands.,1,1861
NEWS OF THE DAY.,1,1861
CONFISCATION OF PROPERTY.,1,1861
DIED.,1,1861
Spies in the Armies.,1,1861
CONTRACT FOR EIGHT HUNDRED HOUSES,1,1861
Mount Vernon Again.,1,1861
Movements of Ocean Steamers.,1,1861
GENERAL CITY NEWS.; MELANCHOLY SUICIDE.,1,1861
Sailed.; Miscellaneous.,1,1861
The North American Outward Bound.,1,1861
"Spoken, &c.",1,1861
SOUTHERN NEWS THROUGH LOUISVILLE,1,1861
Obituary.,1,1861
The Great Eastern for Liverpool.,1,1861
PROCEEDINGS OF CONGRESS.; SENATE.,1,1861
Functions of the Press.,1,1861
A SECESSIONIST CONSUL.,1,1861
GENERAL MARKETS.,1,1861
GEN. BEAUREGARD'S FORCE.,1,1861
CONFEDERATE BONDS.,1,1861
Passengers Sailed.,1,1861
BRIG.-GEN. RUNYON.,1,1861
STABBING AFFRAY.,1,1861
PROBABLE FATE OF THE U.S. STEAMSHIP LEVANT.,1,1861
Article 1 -- No Title,1,1861
BRIG.-GEN. TOOMBS.,1,1861
ACCIDENTALLY DROWNED.,1,1861
SUICIDE OF AN INVALID.,1,1861
The Union at Fort Union.,1,1861
New-Jersey.,1,1861
Mails Close at the Post-office.,1,1861
THE MISSISSIPPI LEGISLATURE.,1,1861
THE INCREASE OF THE ARMY.,1,1861
A PRISONER'S STORY.,1,1861
Two Candidates for President.,1,1861
LOSS OF REBEL OFFICERS AT BULL RUN,1,1861
A PIRATE CHASED ON SHORE.,1,1861
DEATH FROM A FALL.,1,1861
BROOKLYN NEWS.,1,1861
Death of Bishop Bowman.,1,1861
REPORT OF THE BARK GOLDEN ERA.,1,1861
"THE BLOCKADING SERVICE.; LETTER FROM ON BOARD THE ROANOKE. AFFAIRS AT FORTRESS MONROE THE EXPEDITION TO BACK RIVER TROOPS LEAVING FOR WASHINGTON, ETC. UNITED STATES STEAM-FRIGATE ROANOKE AT SES.",1,1861
Markets by Telegraph.,1,1861
STAGE LIGHTNING.,1,1861
FATAL ACCIDENT TO A FIREMAN.,1,1861
MORE APPRECIATION.,1,1861
BODY RECOVERED.,1,1861
MR. EVERETT'S ORATION.,1,1861
DEATH BY SUNSTROKE.,1,1861
Passengers Arrived.,1,1861
Negligence of Railroad Attaches.,1,1861
POSITION OF PIERRE SOULE.,1,1861
Amusements.,1,1861
DEFENSES OF NEW-ORLEANS.,1,1861
NOTICE.,1,1861
MILITARY MATTERS IN BOSTON.,1,1861
Accident at Newark--Four Lives Lost.,1,1861
Panics Among Raw Troops.,1,1861
LATEST VIA LONDONDERRY.(2),1,1861
A NARROW ESCAPE.,1,1861
BROOKLYN NEWS.,1,1861
THE ARMY IN WESTERN VIRGINIA.,1,1861
To Subscribers.,1,1861
Decisions.; SUPREME COURT--CHAMBERS.,1,1861
GEN. PILLOW'S INVASION OF MISSOURI,1,1861
MILITARY MATTERS IN PHILADELPHIA.,1,1861
SECESSION FALSEHOODS.,1,1861
OPENING A MASKED BATTERY,1,1861
THE NEW GOVERNMENT OF MISSOURI.,1,1861
MONEY MARKET.,1,1861
New-Jersey.,1,1861
DETERMINED TO HAVE IT.,1,1861
JEFF. DAVIS IN WESTERN VIRGINIA.,1,1861
LATEST VIA LONDONDERRY.,1,1861
Our Ability to Support the War.,1,1861
PIRATE PRISONERS.,1,1861
A DISGRACEFUL DISTURBANCE.,1,1861
VERMONT READY,1,1861
BOSTON EXCITED.,1,1861
GEN. PATTERSON AGAIN.,1,1861
AN ILLINOIS ARMY.,1,1861
THE CONFEDERATE FLAG IN CANADA.,1,1861
Arrivals in the City.,1,1861
Foreign Ports.,1,1861
THE PIRATES OF THE ENCHANTRESS.,1,1861
Commercial News by the Anglo-Saxon.,1,1861
REFUGEES FROM GEORGIA.,1,1861
PILLOW'S PLANS.,1,1861
THE BULL RUN PRISONERS.,1,1861
Markets by Telegraph.,1,1861
The Extra Session of Congress.,1,1861
MILITARY AND NAVAL MOVEMENTS.,1,1861
TROOPS FOR THE KANAWHA.,1,1861
UNION MEN IN EXILE.,1,1861
GENERAL CITY NEWS.,1,1861
Amusements this Evening.,1,1861
A HORSE FOR GEN. KELLY.,1,1861
THE NEW GOVERNMENT OF MISSOURI.; GOV. GAMBLE'S INAUGURAL ADDRESS.,1,1861
"Spoken, &c.",1,1861
FORTY OF THE MASSACHUSETTS NINTH; CAPTURED.,1,1861
The Cabinet.,1,1861
AN EXCHANGE PROPOSED.,1,1861
ARMY NOMINATIONS.,1,1861
A STEAMER FIRED INTO NEAR ST. LOUIS.,1,1861
ANOTHER REBEL CLERGYMAN.,1,1861
GEN. FREMONT TO TAKE THE FIELD.,1,1861
PAYING OFF.,1,1861
BAVELOCKS FOR THE ARMY.,1,1861
TEMPERANCE IN THE ARMY.,1,1861
REPORTED RIOT IN BALTIMORE.,1,1861
ANOTHER PRIVATEER.,1,1861
Horrible Accident.,1,1861
FOREIGN POWERS.,1,1861
MINIATURE ALMANAC--THIS DAY,1,1861
NO WANT OF ARMS SOUTH.,1,1861
The Norwegian's Mails.,1,1861
EX-SECRETARY HOLT.,1,1861
CALIFORNIA SHIPS ARMING.,1,1861
Passengers Arrived.,1,1861
ACTIVITY IN THE NAVY DEPARTMENT,1,1861
THE GOVERNMET FINANCES.,1,1861
GEN. PATTERSON,1,1861
CURIOSITIES OF GOVERNMENT,1,1861
MOVEMENTS OF PENNSYLVANIA TROOPS,1,1861
THE HARD TIMES.,1,1861
IMPORTANT STATEMENT OF ADMIRAL MILNE.,1,1861
WHAT IOWA IS DOING.,1,1861
AN APPEAL.,1,1861
Food for Soldiers.,1,1861
LATEST FROM PORTRESS MONROE.,1,1861
"PURCHASE OF STATE STOCKS, BONDS, &c.",1,1861
Article 1 -- No Title,1,1861
THE EXPEDITION TO CAIRO.,1,1861
DIED.,1,1861
SOUTHERN NEWS THROUGH LOUISVILLE,1,1861
St. Louis Threatened.,1,1861
THE RHODE ISLAND FIRST.,1,1861
THE CAPTURED AMMUNITION AT RICH MOUNTAIN.,1,1861
MINOR ITEMS.,1,1861
Pray Don't.,1,1861
An Assortment of Lies.,1,1861
PROCEEDINGS OF CONGRESS.; SENATE.,1,1861
HOUSE OF REPRESENTATIVES.,1,1861
A SECEDING PRESBYTERY.,1,1861
FROM THE SOUTH.,1,1861
MARRIED.,1,1861
THE CASE OF JAMES E. HARVEY.,1,1861
Passengers Arrived.,1,1861
THE FUNERAL OF GEN. BARTOW.,1,1861
RELEASE OF UNION MEN.,1,1861
A BANK CONVENTION.,1,1861
"Burglary at Fulton, N.Y.",1,1861
GEN. PIERCE AND THE GREAT BETHEL FIGHT.,1,1861
MILITARY AND NAVAL MOVEMENTS.,1,1861
IMPORTANT LAND OFFICE DECISION.,1,1861
MILITARY MOVEMENTS AT ST. LOUIS.,1,1861
KENTUCKY AND THE UNION.; Speech of Hon. Joseph Holt to the Kentucky Troops.,1,1861
THANKSGIVING FOR THE VICTORY.,1,1861
Horrible Accident at Newark.,1,1861
DIED.,1,1861
SUPPRESSION OF INTEMPERANCE IN THE CAMPS.,1,1861
Mails Close at the Post-office.,1,1861
By Telegraph.; Miscellaneous.,1,1861
"The ""Relative Manhood"" Question.",1,1861
"SLAVERY AND THE WAR.; SPEECH OF WENDELL PHILLIPS, ESQ., AT THE CELEBRATION OF WEST INDIES EMANCIPATION,",1,1861
A Terrible Railroad Accident.,1,1861
MONETARY AFFAIRS.,1,1861
A CARD FROM GEN. TWIGGS.,1,1861
GENERAL CITY NEWS.,1,1861
THE REBEL GEN. LEE.,1,1861
The New Financial Measures The Tariff.,1,1861
THE MARYLAND LEGISLATURE.,1,1861
BROOKLYN MILITARY MATTERS.,1,1861
DR. BRECKINRIDGE.,1,1861
"THE GREAT REBELLION.; IMPORTANT NEWS FROM WASHINGTON. The Agreement Between Gen. McClellan and the Press. The Pay of the Troops Increased Four Dollars a Month. IMPORTANT FROM SANDY HOOK. A Body of Rebel Cavalry at Martinsburgh. A Party of them Surprised by a Detachment of the New-York Twenty-eighth. A Number Killed, Wounded and Taken Prisoners. IMPORTANT FROM MISSOURI. PROCLAMATION BY THE NEW GOVERNOR Confederate Troops Warned to Leave the State. Great Union Triumph in Kentucky.",1,1861
THE COMPTROLLER'S REPORT.,1,1861
Movements of Ocean Steamers.; FROM EUROPE.,1,1861
The War and Slavery.,1,1861
Amusements.,1,1861
THE SLAVE QUESTION.; Letter from Major-Gen. Butler on the Treatment of Fugitive Slaves.,1,1861
A Neglected Institution.,1,1861
THE KENTUCKY ELECTION.; ANOTHER GREAT UNION TRIUMPH.,1,1861
A MEETING IN NEW-ORLEANS.,1,1861
Candidate for Brigadier.,1,1861
"NOTES OF THE REBELLION.; THE BATTLE OF MANASSAS. LETTER FROM DR. J.C. NOTT, OF SOUTH CAROLINA",1,1861
GEN. BANKS' COMMAND.; A SQUAD OF REBEL CAVALRY CAPTURED.,1,1861
IMPORTANT MOVEMENT BY GEN. POPE,1,1861
Amusements this Evening.,1,1861
Markets by Telegraph.,1,1861
DEATH OF A NEW-YORK JOURNALIST.,1,1861
Legal Notices.,1,1861
PRESERVING THE HARMONIES.,1,1861
Fire Near Baltimore.,1,1861
"Who are the ""Six Hundred",1,1861
PROCEEDINGS OF CONGRESS.; SENATE.,1,1861
"About Prisoners of War, Privateers, &c.",1,1861
DIED.,1,1861
THE RETURNED OHIO REGIMENT.,1,1861
LIBERAL BEQUESTS.,1,1861
HOUSE OF REPRESESENTATIVES.,1,1861
The National Tax.,1,1861
COL. CORCORAN FIRM.,1,1861
Destructive Fire.,1,1861
The Result of the War.,1,1861
Amusements this Evening.,1,1861
Mails Close at the Post-office.,1,1861
TRUE AS GOSPEL.,1,1861
STATE POLITICS.,1,1861
MARSHAL BURNHAM.,1,1861
Sailing of the Great Eastern.,1,1861
New-Jersey.,1,1861
CHILDREN OF SOLDIERS.,1,1861
MILITARY APPOINTMENTS AND CONFIRMATIONS.,1,1861
Kentucky Still for the Union.,1,1861
GENERAL MARKETS.,1,1861
GOV. NYE AT HIS POST.,1,1861
MILITARTY MATTERS IN BROOKLYN.,1,1861
The Army Worm in Maine.,1,1861
Movements of Ocean Steamers.; FROM EUROPE.,1,1861
EX-PRESIDENT TYLER TAKES A DRINK.,1,1861
BROOKLYN NEWS.,1,1861
EXTRA SESSION OF THE RHODE ISLAND GENERAL ASSEMBLY.,1,1861
A General Camp of Instruction.,1,1861
ORDER IN WASHINGTON.,1,1861
NEWS OF THE DAY.,1,1861
Article 1 -- No Title,1,1861
LATEST FROM GEN. BANKS' COMMAND.,1,1861
For Europe.,1,1861
Light in the South.,1,1861
Decisions.; SUPREME COURT--CHAMBERS.,1,1861
THE SAFETY OF COL. CORCORAN.,1,1861
Boston Bank Statement.,1,1861
ARRIVAL OF THE FIRST VERMONT REGIMENT.,1,1861
MARRIED.,1,1861
NAVAL AND MILITARY MOVEMENTS.,1,1861
CONFEDERATE FINANCES.,1,1861
A Polite Card from Marshal Burnham.,1,1861
LAINE REPUBLIC STATE CONVENTION.,1,1861
TURKEY.,1,1861
LATEST VIA QUEENSTOWN.,1,1861
THE LATEST VIA QUEENSTOWN.,1,1861
FOUND IN THE WATER.,1,1861
"DEATHS BY SUN-STROKE,",1,1861
THE KENTUCKY ELECTION.,1,1861
The Union Sentiment-The Cabinet and Canads.,1,1861
FLOUR AND MEAL.,1,1861
Party VS. the Country.,1,1861
GENERAL MARKETS.,1,1861
Arrival in the City.,1,1861
GENERAL CITY NEWS.,1,1861
POSITION OF GEN. BANK'S DIVISION.,1,1861
ARRIVAL OF WOUNDED SOLDIERS IN BOSTON.,1,1861
MARRIED.,1,1861
Retribution in Virginia.,1,1861
TWO LIVING WHALES AT THE MOSEUM.,1,1861
TWO DAYS LATER FROM EUROPE.,1,1861
FROM ON BOARD THE QUAKER CITY.; DOINGS OF THE PRIVATEERS ON THE NORTH CAROLINA COAST.,1,1861
MORE REGULARS ON THE WAY.,1,1861
THE NATIONAL FORCES IN WESTERN VIRGINIA.,1,1861
From Our Own Correspondent.,1,1861
THE SITUATION IN MISSOURI.,1,1861
Mail Close at the Post-Office.,1,1861
Meeting on the American Crisis In London.,1,1861
MUSIC IN CENTREAL PARK.,1,1861
Sailing of the Europa.,1,1861
The New-York City Dispensaries.,1,1861
The American Rebellion and Slavery.,1,1861
INDIA AND CHINA.,1,1861
REPORT OF THE STEAMSHIP COLUMBIA.,1,1861
SWEDEN.,1,1861
Indirect Benefits of War.,1,1861
ANOTHER EXPERIENCE WITH THE PIRATES.,1,1861
New-Jersey.,1,1861
The Glasgow Outward Bound.,1,1861
THE NEW POSTAGE STAMP.,1,1861
Court of General Session.,1,1861
ARREST OF A REBEL AT CINCINNATI.,1,1861
Passengers Arrived.,1,1861
COL. BURNSIDE ON THE BATTLE.,1,1861
FIRE IN A STABLE,1,1861
PUBLIC REGARD FOR GEN. SCOTT.,1,1861
ANOTHER BATTLE IN MISSOURI.; BEN McCULLOCH'S REBELS ROUTED.,1,1861
Decisions.,1,1861
DROWNED WHILE BATHING.,1,1861
THE HORSE MARKET.,1,1861
MATTERS IN THE SOUTH.,1,1861
FURTHER PARTICULARS OF THE BATTLE.,1,1861
FROM FORTRESS MONROE.,1,1861
BROOKLYN NEWS.,1,1861
WHOLESALE PRODUCE MARKET.; BUTTER.,1,1861
Cotton and Money in the United States.,1,1861
Article 1 -- No Title,1,1861
Amusements this Evening.,1,1861
OHIO DEMOCRATIC STATE CONVENTION.,1,1861
A NEW DODGE.,1,1861
"Secession at Nassau, N.P.",1,1861
Editorial Article 1 -- No Title,1,1861
SWITZERLAND.,1,1861
ITALY.,1,1861
A PARTISAN MISTAKE.,1,1861
THE OFFICERS AND CREW OF THE PETREL.,1,1861
Markets by Telegraph.,1,1861
AUSTRIA.,1,1861
Movement of Ocean Steamers.,1,1861
MILITARY MATTERS IN BROOKLYN.,1,1861
THE VIRGINIA STATE CONVENTION.,1,1861
TWO MASSACHUSETTS REGIMENTS ENROUTE.,1,1861
AFFAIRS IN NORTHWESTERN VIRGINIA.,1,1861
THE BLUE NOSES AND THE BLOCKADE.,1,1861
GREAT BRITAIN.,1,1861
NAVAL AND MILITARY MOVEMENTS.,1,1861
SOUTHERN NEWS THROUGH LOUISVILLE.,1,1861
DIED.,1,1861
Romance of a Forger.,1,1861
Encouraging Business Prospects.,1,1861
FOREIGN LIQUOR,1,1861
REPORT BY THE SCHOONER ABBIE FORREST.,1,1861
GEN. MORRIS TO HIS BRIGADE.,1,1861
AMAZONIAN.,1,1861
Markets by Telegraph.,1,1861
"A DEARLY BOUGHT VICTORY.""",1,1861
DIED.,1,1861
MARRIED.,1,1861
THE ADMINISTRATION AND MARYLAND.,1,1861
MILITARY AND NAVAL MOVEMENTS.,1,1861
The Regular Officers Killed at Bull Run.,1,1861
THEIR REMOVAL TO MOYAMENSING.,1,1861
MASSACHUSETTS.,1,1861
INDEBTED TO YANKEES.,1,1861
GOVERNMENT ACCOUNT OF THE DUG SPRINGS BATTLE.,1,1861
GEN. PILLOW AND THE NORTH STAR.,1,1861
BROOKLYN NEWS.,1,1861
New-Jersey.,1,1861
Run Over and Killed by a Fire Engine.,1,1861
TRAITORS IN THE CAMP.,1,1861
NOTE FROM LIEUT. SINCLAIR.,1,1861
BROOKLYN MILITARY MATTERS.,1,1861
New-York Central Railroad Dividend.,1,1861
HON. JOSEPH HOLT.,1,1861
Movements of Ocean Steamers.,1,1861
VERY SOUR GRAPES.,1,1861
A SOUTH CAROLINA COLONEL SHOT.,1,1861
FRAUDULENT CONTRACTORS.,1,1861
LATEST REPORTS FROM ST. LOUIS.,1,1861
BUSINESS HABITS OF GEN. FREMONT.,1,1861
Telegraphic Connection.,1,1861
Slavery and the Conduct of the War.,1,1861
Amusements this Evening.,1,1861
AN IMMEDIATE ATTACK EXPECTED.,1,1861
Col. Burnham's Political Sentiments.,1,1861
GENERAL MARKETS.,1,1861
Remember the Recreants!,1,1861
A DENIAL.,1,1861
THE SCHOONER ENCHANTRESS.,1,1861
THE REINFORCEMENT OF CAIRO.,1,1861
AMERICAN DENTAL CONVENTION.,1,1861
Marine Disaster.,1,1861
EXPECTED ATTACK ON CAPE GIRARDEAU,1,1861
Arrivals in the City.,1,1861
WHAT INDIANA HAS DONE.,1,1861
Gov. Gamble's Proclamation.,1,1861
SICK AND WOUNDED SOLDIERS.,1,1861
TROPHIES.,1,1861
Philadelphia Stock Board.,1,1861
OBITUARY.,1,1861
The Neatest Thing of the Season.,1,1861
A SECESSION PAPER CLEANED OUT.,1,1861
AFFAIRS AT FORTRESS MONROE.; NO REBELS NEAR NEWPORTS NEWS.,1,1861
A Benefit of Direct Taxation.,1,1861
THE MILITARY SITUATION IN MISSOURI.,1,1861
The Great Easton for Liverpool.,1,1861
INDIANA REGIMENT IN PHILADELPHIA.,1,1861
To Subscribers.,1,1861
CONFISCATION BY CONFEDERATES.,1,1861
The De Kalb Regiment.,1,1861
FOR TEXAS.,1,1861
SENATOR MASON'S ESTATE.,1,1861
Live Whales from the St. Lawrence.,1,1861
BECOMING INSUBORDINATE.,1,1861
LIEUT. G. D. BAILEY.,1,1861
CONFEDERATE PRISONERS.,1,1861
The Charges Against Col. Ripley.,1,1861
GEN. WOOL.,1,1861
LETTER FROM SENATOR POLK.,1,1861
NAVAL ENGAGEMENTS.,1,1861
"THOSE HANDCUFFS AND ROPES.""",1,1861
ABOUT THE BLOCKADE.,1,1861
REPUBLICAN STATE COMMITTEE.; CALL FOR THE STATE CONVENTION.,1,1861
CONGRESSMAN ELY.,1,1861
BY WAY OF MEXICO.,1,1861
The Temper of the Nation.,1,1861
BRISK FIGHT IN NORTHEAST MISSOURI.,1,1861
VERY FAST WAR-VESSELS.,1,1861
Blockade of the Mississippi.,1,1861
THE REBELS INTENDED AN ATTACK AT BULL; RUN.,1,1861
ARRIVAL OF DISABLED TROOPS,1,1861
Mails Close at the Post-Office.,1,1861
Article 2 -- No Title,1,1861
RUNNING THE BLOCKADE.,1,1861
"VESSELS AT CHARLESTON, S.C.",1,1861
NIMS' LIGHT BATTERY.,1,1861
Cooking for the Soldiers.,1,1861
SOUTHERN NEWS THROUGH LOUISVILLE.,1,1861
WHY THEY DID NOT PURSUE.,1,1861
"LIEUT. DEMPSEY, OF THE NATIONAL ARMY.",1,1861
"ONE HONEST FIRM IN CHARLESTON, S.C.",1,1861
Concentrated Meanness.,1,1861
Movements of Ocean Steamers.,1,1861
WRECKING VESSELS.,1,1861
IMPORTANT FROM SOUTHERN KANSAS.,1,1861
POSITION OF HON. GREEN ADAMS.,1,1861
FROM A PRISONER AT RICHMOND.,1,1861
The Confiscation Bill.,1,1861
FROM GEN. BANKS' COMMAND.,1,1861
Decisions.; SUPREME COURT CHAMBERS.,1,1861
THE FIGHT AT ATHENS.,1,1861
LIVELY TIME IN BALTIMORE.; MR. BRECKINRIDGE NOT ALLOWED TO SPEAK.,1,1861
"MORE ""TREACHERY.""",1,1861
SOUTHERN NEWS THROUGH LOUISVILLE.,1,1861
THE PRIVATEER YORK,1,1861
Arrivals in the City.,1,1861
Execution of Armstrong.,1,1861
Amusements this Evening.,1,1861
DIED.,1,1861
RUNNING THE BLOCKADE.,1,1861
MAKING THE ISSUE.,1,1861
THE EXTRAORDINARY HOMICIDE IN LONDON.,1,1861
FROM GEN. BANKS' COMMAND.,1,1861
PLEASANT TIMES IN TENNESSEE.,1,1861
A ROMANTIC FREAK.,1,1861
IMPORTANT FROM SOUTHERN KANSAS.,1,1861
MILITARY AND NAVAL MOVEMENTS.,1,1861
CALL FOR A DEMOCRATIC STATE CONVENTION.,1,1861
Mails Close at the Post-office.,1,1861
MILITARY AND NAVAL MOVEMENTS.,1,1861
The Two Routes to Washington.,1,1861
THE FIGHT AT DUG SPRING.,1,1861
CALL FOR A DEMOCRATIC STATE CONVENTION.,1,1861
Passengers Arrived.,1,1861
NEW-YORKERS IMPRISONED AT RICHMOND.,1,1861
WILLIAMS COLLEGE.,1,1861
THE PRISONERS.,1,1861
NOTES OF THE REBELLION. AFFAIRS IN MISSOURI.,1,1861
AN EXCEPTION.,1,1861
FULL REPORT OF THE PROCEEDINGS.,1,1861
Philadelphia Stock Board.,1,1861
MARRIED.,1,1861
Traitors at Home.,1,1861
The Times for Sunday.,1,1861
FROM PENSACOLA AND FORT PICKENS.,1,1861
NIMS' LIGHT BATTERY.,1,1861
SOUTHERN CURRENCY.,1,1861
PREPARING FOR WINTER.,1,1861
Article 1 -- No Title,1,1861
THE BLOCKADE.,1,1861
Disloyalty and Secessionism at Washington.,1,1861
DIED OF WOUNDS.,1,1861
FULL REPORT OF THE PROCEEDINGS.,1,1861
LAW REPORTS.; Court of General Sessions.,1,1861
AN EXCEPTION.,1,1861
NEW-YORKERS IMPRISONED AT RICHMOND.,1,1861
NEWS OF THE DAY.,1,1861
"VESSELS AT CHARLESTON, S.C.",1,1861
GENERAL CITY NEWS.,1,1861
The End of Them.,1,1861
Minister Resident of the U.S. in Japan.,1,1861
IMPORTANT FROM RICHMOND.; ADMIRAL DUNDAS AND THE BLOCKADE.,1,1861
The Brigadier Generalships.,1,1861
"MARINE INTELLIGENCE.; Spoken, &c.",1,1861
Obituary.,1,1861
[Copy No. 20.],1,1861
Unemployed Women A Suggestion.,1,1861
ARREST IN BALTIMORE.,1,1861
DIED.,1,1861
Intelligent English Opinion.,1,1861
TO THE PUBLIC.,1,1861
The Volunteers' Reward.,1,1861
"NORTHERN GERMANY.; A Visit to the Coal Mines of Zwickan The Castle of Augustuburg A Wonderful Well and How it was Made The Subterranean Quarries of Robenstein, &c. Correspondence of the New-York Times. ON THE ROAD, NORTHERN GERMANY, Saturday, March 30, 1861.",1,1861
A SCENE IN NEW-ORLEANS.,1,1861
HON. JOSEPH HOLT.,1,1861
THE PIRATES OF THE PETREL.,1,1861
Jersey City.,1,1861
MASSACHUSETTS TROOPS IN PHILADELPHIA.,1,1861
THE PRISONERS AT RICHMOND.,1,1861
Just and Patriotic.,1,1861
Philadelphia Stock Board.,1,1861
THE THIRD CONNECTICUT REGIMENT AT HOME.,1,1861
IMPORTANT FROM KENTUCKY.; REBEL EXPEDITION AGAINST BARBOURSVILLE.,1,1861
AFFAIRS IN JAPAN.; Misunderstanding Between the American Minister and the British Minister. Correspondence.,1,1861
TRANSFERRED TO THE REGULARS.,1,1861
A REBEL SPY ARRESTED IN BOSTON.,1,1861
GEN. TYLER'S OFFICIAL REPORT.,1,1861
"HONOR TO WHOM HONOR."" We learn from",1,1861
AFFAIRS AT FORTRESS MONROE.,1,1861
Economy and the Art of Living.,1,1861
The True Voice of England.,1,1861
NEWS OF THE DAY.,1,1861
"THE GREAT REBELLION.; Everything Quiet and Hot at Washington. REPORTED INVASION OF KENTUCKY. Rebel Troops Marching on Barboursville.Union Men Rising in all the Neighboring Counties.A Startling Report from Richmond.Admiral Dundas Going to Run theCharleston Blockade.ALL QUIET AT FORTRESS MONROE.Gen. Butler Protecting the Fugitivesfrom Hampton.Another Expedition Against ContrabandTraders.SPECIAL DISPATCH FROM WASHINGTON. WASHINGTON, Saturday, Aug. 10.",1,1861
Ocean Steamers.; THE ARABIA OUTWARD BOUND.,1,1861
AN ESCAPE FROM DIXIE.,1,1861
BROOKLYN NEWS,1,1861
What Have We Already Gained?,1,1861
Prospects of the Harvest in Great Britain,1,1861
MR. CRITTENDEN HOPEFUL.,1,1861
SAFETY OF CAPT. DE GOLYER AND LIEUT. PRESTON.,1,1861
COL. MONTGOMERY.,1,1861
BROOKLYN MILITARY MATTERS.,1,1861
GEN. McCLELLAN.,1,1861
JEFF DAVIS' MANSION.,1,1861
THE IRISH STOCK RUNNING OUT IN IRELAND,1,1861
COL. HUNTER'S REPORT.,1,1861
THE HARRIET LANE.,1,1861
A CONTRACT.,1,1861
TROPHIES.,1,1861
Passengers Sailed.,1,1861
TO THE POINT.,1,1861
To Subscribers.,1,1861
GOV. SPRAGUE ON THE WAR.,1,1861
REPORTS FROM NEW-ORLEANS.,1,1861
"GEN. WOOL.; The Troy Times, of Friday, Says:",1,1861
Markets by Telegraph.,1,1861
Mails Close at the Post-office.,1,1861
Movements Ocean Steamers.,1,1861
KANSAS TROOPS FOR THE WAR.,1,1861
THE NEW GOVERNMENT OF VIRGINIA.,1,1861
GENERAL MARKETS.,1,1861
HON. ALFRED ELY.,1,1861
DISPATCH TO THE ASSOCIATED PRESS.,1,1861
THE PIRATE SUMTER.; CRUISE OF THE UNITED STATES STEAMER NIAGARA,1,1861
THE SECOND RHODE ISLAND BATTERY.,1,1861
LYNCH LAW IN THE SOUTH,1,1861
THE TWO SHERMANS.,1,1861
UNITED STATES DISTRICT ATTORNEY'S OFFICE.,1,1861
DURYEE'S ZOUAVES.,1,1861
The Doomed Band.,1,1861
Present Designs of the Rebels.,1,1861
AFFAIRS IN WESTERN VIRGINIA.; AN APPEAL.,1,1861
Movements of Ocean Steamers.; FROM EUROPE.,1,1861
ANOTHER REBEL EXPLOIT.,1,1861
THE DEFENCE OF NEW-ORLEANS.,1,1861
MINIATURE ALMANAC THIS DAY.,1,1861
ADOPTED CITIZENS AND THE WAR.,1,1861
MARRIED.,1,1861
Grow on Constitutional Rights.,1,1861
VIRGINIA UNION REFUGEE.,1,1861
DIED.,1,1861
Markets by Telegraph.,1,1861
The Democracy and the War.,1,1861
"A DARING FEAT.""",1,1861
German Socialism and the War.,1,1861
The Handeuff Story.,1,1861
Passengers Arrived.,1,1861
To Subscribers.,1,1861
THE DEMOCRATS IN OHIO.,1,1861
THE CONCORD RIOT.,1,1861
TERRIFIC STORM IN WESTERN MICHIGAN.,1,1861
Mails Close at the Post-office.,1,1861
Article 1 -- No Title,1,1861
"THE GREAT REBELLION.; Important News from the National Capital. Secretary Cameron's Instructions to Gen. Butler on the Contraband Question. TEN NEW REGIMENTS ARRIVED. The Experience of Prince Napoleon Among the Rebels. What he Thinks of Beauregardand Jonhston. A Battle Imminent at Springfield, Mo. PERILS OF PRIVATEERING.The Privateer York Run Ashore and Burnt above Hatteras. A NUMBER OF PRIZES RECAPTURED. The Expedition from Fortress Monroe not yet Returned. Reception of Hon. Joseph Holt at Oswego. RON. JOSEPH HOLT IN OSWEGO SOUTHERN ITEMS.",1,1861
"HON. JOSEPH HOLT, LL.D.",1,1861
Markets by Telegraph.,1,1861
To Subscribers.,1,1861
Confederate Sympathies and Suggestions.,1,1861
Confederate Finances.,1,1861
THE CASE OF W.H. HURLBERT,1,1861
REPORTS FROM FROM ALEXANDRIA.,1,1861
GREAT BRITAIN.,1,1861
THE ARMY HOPITALS AT WASHINGTON.,1,1861
JEFF. DAVIS AS A ROMANCER.,1,1861
SENATOR BRECKINRIDGE,1,1861
Pennsylvania State Teachers' Association.,1,1861
MARRIED.,1,1861
REFUGEES FROM THE SOUTH.,1,1861
CAPTURE OF A BRITISH VESSEL,1,1861
Philadelphia Stock Board.,1,1861
BANGOR DEMOCRAT OFFICE DESTROYED,1,1861
BRAZIL.,1,1861
PLANS OF THE REBELS.,1,1861
GENERAL MARKETS.,1,1861
MASSACHUSETTS MEN AT RICHMOND,1,1861
RESIGNATIONS.,1,1861
PRISONERS AT RICHMOND.,1,1861
THE BEGINNING OF THE REBELLION.,1,1861
DIED.,1,1861
A PIRATE IN THE CHESAPEAKE.,1,1861
ITALY,1,1861
Completion of a Telegraph Line.,1,1861
GENERAL CITY NEWS.,1,1861
INDIA AND CHINA,1,1861
FRANCE.,1,1861
LATEST VIA LONDONDERRY.,1,1861
THE INDIANA TROOPS.,1,1861
BELGIUM.,1,1861
DROWNED WHILE BATHING.,1,1861
THE REBELS AGAIN SEEKING FOR PEACE.,1,1861
"THE GREAT REBELLION.; Important News from the National Capital. Arrest of C.J. Faulkner, of Virginia, late Minister to France. Operations of the Rebels Down the Potomac. Hilitary Aid Offered to the Government from Europe. Important Rumor from the Kanawha Valley. Reported Capture of Wise and His Entire Command. Interesting from Fortress Monroe Position of the Rebel Forces Definitely Ascertained The Case of the Baltimore Police Commissioners Again. CONSUL AT PARIS. MRS. LINCOLN'S VISIT POSTPONED ARREST OF EX-MINISTER FAULKNER. THE REBELS ON THE POTOMAC. THE FEELING IN KENTUCKY LORD LYONS AND SECRETARY SEWARD. THE THIRD IRISH REGIMENT THE ZOUAVES COMING HOME. GOVERNOR OF UTAH. ICE ARRIVED.",1,1861
A COMPREHENSIVE PLAN.,1,1861
ADDITIONAL INTELLIGENCE.,1,1861
"THE ARMY IN WESTERN VIRGINIA.; The Head-quarters at Clarksburgh Rumors of Rebel Movements The Objects of the Campaign in Western virginia General Rosecrans, &c.",1,1861
"THE STEVENS BATTERY.; Early Propositions of the Messrs. Stevens to the Government Nothing New or equally Good yet Suggested in Europe Minute Details of the Ship, the Engines, the Armor and the Armament Principles Involved Philosophy of Impregnable Ships. THE ENGINES AND BOILERS. PRINCIPLES AND CONSTRUCTION OF THE MACHINERY. THE ARMOR AND ARMAMENT. PRINCIPLES OF THE STEVENS BATTERY.",1,1861
CANADA AND THE WAR.; Sympathy of Canadians with the Southern Rebellion Its Cause and its Effect.,1,1861
A COMPREHENSIVE PLAN.,1,1861
FLAGS OF TRUCE.,1,1861
DEPREDATIONS ON THE MAIL.,1,1861
New-Jersey.,1,1861
The Fire Zouaves Again.,1,1861
Arrivals in the City.,1,1861
FOREIGN BORN PERSONS IN THE ARMY.,1,1861
Leather for Army Equipments.,1,1861
Mailed Ships-of-War The Stevens Battery.,1,1861
PLANS OF THE REBELS.,1,1861
THE INDIANA TROOPS.,1,1861
New-Jersey.,1,1861
A PIRATE IN THE CHESAPEAKE.,1,1861
CAPTURE OF A BRITISH VESSEL.,1,1861
LAW REPORTS.; Decisions. SUPREME COURT CHAMBERS.,1,1861
PRESIDENTIAL,1,1861
MILITARY AND NAVAL MOVEMENTS.,1,1861
A TENNESSEE UNIONIST ARRESTED,1,1861
THE PIRATES OF THE PETREL.,1,1861
IMPORTANT FROM FORTRESS MONROE.,1,1861
TREASON IN FORTRESS MONROE.,1,1861
Destructive Fire in Canada West.,1,1861
TENNESSEE ELECTION.,1,1861
"Large Fire at Versailles, N.Y.",1,1861
PRISONERS AT RICHMOND.,1,1861
Decisions.; SUPREME COURT--CHAMBERS.,1,1861
FROM GEN. BANKS' COMMAND.,1,1861
THE PRISONERS AT RICHMOND.,1,1861
THE BOSTON BANKS.,1,1861
News from California by the Pony Express.,1,1861
THE NORFOLK NAVY-YARD.,1,1861
GENERAL CITY NEWS.,1,1861
Spies in Washington.,1,1861
Matts Close at the Post-office.,1,1861
THE FIRE ZOUAVES.,1,1861
MARINE DISASTERS.,1,1861
Markets by Telegraph.,1,1861
REPORTS FROM ALEXANDRIA.,1,1861
Boston Weekly Bank Statement.,1,1861
A Yacht Wreeked and Three Lives Lost.,1,1861
ARMY MOVEMENTS OF NEW-JERSEY.,1,1861
THE PRIVATEERS.; THE SUMPTER COALING AT CURACOA.,1,1861
THE CAPTURE OF HON. ALFRED ELY.,1,1861
THE PRIVATEERS.; THE SUMPTER COALING AT CURACOA.,1,1861
MARINE INTELLIGENCE.,1,1861
REPORTS FROM CAIRO.,1,1861
The New Government Loan.,1,1861
MILITARY AND NAVAL MOVEMENTS.,1,1861
Markets by Telegraph.,1,1861
"SOUTHERN ITEMS VIA LOUISVILLE, KY.",1,1861
Summer Resorts.,1,1861
A Yacht Wrecked and Three Lives Lost.,1,1861
A STUDENTS' REGIMENT.,1,1861
Prisoners of War.,1,1861
RATHER OMINOUS.,1,1861
Arrivals in the City.,1,1861
Courage and Cowardice.,1,1861
CAVALRY AND FLYING ARTILLERY.,1,1861
MOVEMENTS OF TRANSPORTS,1,1861
FROM GEN. BANKS' COMMAND.,1,1861
ARMY MOVEMENTS OF NEW-JERSEY.,1,1861
REPORTS FROM ALEXANDRIA.,1,1861
FROM NASHVILLE.,1,1861
GEN. WOOL.,1,1861
REPORTS FROM CAIRO.,1,1861
Passengers Arrived.,1,1861
THE FIRE ZOUAVES.,1,1861
Mozart Hall and Mr. Breckinridge.,1,1861
"MARINE INTELLIGENCE.; Foreign Ports,",1,1861
Boston Weekly Bank Statement.,1,1861
AFTER THE BATTLE.,1,1861
Affairs in Arizona.,1,1861
Personal.,1,1861
MOVEMENTS OF TRANSPORTS.,1,1861
Passengers Arrived.,1,1861
New-Jersey.,1,1861
THE BOSTON BANKS.,1,1861
Obituary 1 -- No Title,1,1861
The Storm.,1,1861
Mozart Hall and Mr. Breckinridge.,1,1861
FROM NASHVILLE.,1,1861
IOWA PLUCK AND PATRIOTISM. The history,1,1861
THE TROUBLE AT POTOSI.,1,1861
EGMONT KEY OCCUPIED BY UNION TROOPS.,1,1861
THE WAR IN WESTERN VIRGINIA.; A SEVERE SKIRMISH NEAR GRAFTON.,1,1861
DIED.,1,1861
THE REBELS MARCHING ON PILOT KNOB.,1,1861
REPORTS FROM CAIRO.,1,1861
LATEST NEWS OF THE REBELLION.,1,1861
AN ARREST IN BOSTON.,1,1861
Krup's Cast steel Guns.,1,1861
The New Government Loan.,1,1861
The Great Battle in Missouri.,1,1861
THE BODY OF COL. CAMERON.,1,1861
Article 1 -- No Title,1,1861
The Democrats and the War.,1,1861
LIGHT ARTILLERY.,1,1861
The Trials of Our Soldiers.,1,1861
MARRIED.,1,1861
RESIGNATIONS OF OFFICERS. We learn from,1,1861
Important Movement in St. Louis.,1,1861
Foreign Officers.,1,1861
MARTIAL LAW PROCLAIMED IN ST. LOUIS.,1,1861
To Subscribers.,1,1861
THE BATTLE OF BULL RUN LOST BY THE BESELS.,1,1861
THE BODY OF COL. CAMERON.,1,1861
FROM RICHMOND.,1,1861
The Kingdom of Italy.,1,1861
Amusements this Evening.,1,1861
ENGLAND AND THE UNITED STATES. The,1,1861
OUTRAGES IN TENNESSEE.,1,1861
The Post-office and the Army.,1,1861
THE PHILADELPHIA CITY TROOP WELCOMED HOME.,1,1861
"JOHN BROWN, JR.",1,1861
OBJECTIONS TO THE COTTON LOAN.,1,1861
Our Burdens and their Relief.,1,1861
Constitutional Hair-Splitting.,1,1861
THE PRISONERS AT RICHMOND.,1,1861
CONGRESSMAN ELY.,1,1861
Decisions.,1,1861
ORDNANCE FOR THE GOVERNMENT.,1,1861
CAPT. TYLER.,1,1861
THE BLOCKADE OF SOUTHERN PORTS.,1,1861
OUR FOREIGN RELATIONS.,1,1861
"THE MOTT-STREET HOMICHIDE, Coroner GAM",1,1861
ROOM WORK OFF NEW-ORLEANS.,1,1861
THE LATE COL. FARNHAM.,1,1861
A NEW GUN.,1,1861
"GENERAL PARK MUSIC, the second concert",1,1861
Article 1 -- No Title,1,1861
GENERAL CITY NEWS.,1,1861
LATEST REPORTS FROM CAIRO.,1,1861
GENERAL MARKETS.,1,1861
"QUESTIONABLE. Capt. Poon, commander on",1,1861
"SAD CASUALTY, On the night of Aug. 12, the",1,1861
JUDGE HOLT.,1,1861
"UNION MATTERS IN BANGOR, ME.",1,1861
THE BALTIMORE PRISONERS AT FORT LAFAY,1,1861
MASSCHUSETTS DEMOCRATIC CONVENTION.,1,1861
Commissioners of Charities and Corrections.,1,1861
Amusements.,1,1861
Movements of Ocean Steamers.,1,1861
IMPORTANT FROM BALTIMORE.,1,1861
Amusements this Evening.,1,1861
Marine Disaster.,1,1861
SOMETHING ROTTEN IN RICHMOND.,1,1861
"A ""NAVAL ENGAGEMENT.""",1,1861
BEAUREGARDS'S PROMOTION.,1,1861
TURNED UP AT LAST.,1,1861
IMPORTANT FROM CAIRO.; PILLOW BACK AGAIN AT NEW-MADRID. Dispatch to the Cincinnati Gazetle.,1,1861
ARRIVAL OF GEN. WOOL.; SPEECH OF GEN. WOOL.,1,1861
M. RUSSELL ON THE SOUTH. Besides his,1,1861
The Great Loan.,1,1861
THE RHODE ISLAND GENERAL ASSEMBLY.,1,1861
PRIVATEERS IN THE DUTCH WEST INDIES.,1,1861
THE REBELS AND THE INDIANS.,1,1861
SOMETHING TO BE LOOKED AFTER. We have,1,1861
IMPORTANT FROM ST. LOUIS.,1,1861
NEWS OF THE DAY.,1,1861
UNION NOMINATION FOR GOVRNOR IN MARYLAND.,1,1861
RESPECT TO GEN. WOOL.,1,1861
MATTERS AT NEW-ORLEANS.,1,1861
The Whereabouts of the Sumter.,1,1861
Markets by Telegraph.,1,1861
THE BATTLE OF BULL RUN.,1,1861
DIED.,1,1861
KENTUCKIANS COMING TO THE RESCUE.,1,1861
Mails Close at the Post-office.,1,1861
MINIATURE ALMANAC THIS DAY,1,1861
THE SPRINGFIELD ARMORY.,1,1861
BRIG-GEN. BURNSIDE AND SENATOR WILSON.,1,1861
Passengers to Arrive.,1,1861
NAVAL AND MILITARY MOVEMENTS.,1,1861
Arrivals in the City.,1,1861
SUPPRESSION OF THE BANGOR DEMOCRAT.,1,1861
To Subscribers.,1,1861
A SUGGESTION.,1,1861
Philadelphia Stock Board.,1,1861
MARRIED.,1,1861
Movements of Prince Napoleon.,1,1861
"FATAL FALL, A young man named MICHAEL",1,1861
RESIGNATION OF ADJUTANT-GEN. READ.,1,1861
"DEATH FROM BURNS, Coroner SCHIRMER held",1,1861
Obituary.,1,1861
A PRESENT TO LIEUT. BROWNELL.,1,1861
COLTON'S COUNTY MAP OF MISSOURE. G.Q.,1,1861
INTERESTING FROM FORTRESS MONROE.,1,1861
NEWSPAPERS AND THE WAR We find the,1,1861
The First Iowa Volunteers.,1,1861
A TROPHY FROM MANASSAS.,1,1861
England and France.,1,1861
REPORTS FROM ALEXANDRIA.,1,1861
DIED.,1,1861
SOUTHERN NEWS THROUGH LOUISVILLE.,1,1861
OUR COMPLIMENTS TO JOHN BULL. We beg,1,1861
The Funeral of Col. Farnham.,1,1861
Markets by Telegraph.,1,1861
"Fire in Fulton, N.Y.",1,1861
Starke the Winner of the Goodwood Cup.,1,1861
BRIG.-GEN. SWEENEY.,1,1861
STATE OF THINGS AT RICHMOND.,1,1861
PLEA FOR THE SABBATH IN WAR. The Sab,1,1861
"Foreign Officers.""",1,1861
THE UNITED STATES MARSHALS' CONFERENCE.,1,1861
Obituary.,1,1861
The Trouble Between Gen. de Geyon and Merede.,1,1861
"A GOOD APPOINTMENT. Mr. JOHN BIGELOW,",1,1861
Correction.,1,1861
IMPORTANT FROM MISSOURI.; DEATH OF BEN McCULLOCH CONFIRMED.,1,1861
ESPIONAGE IN THE SOUTH.,1,1861
A Novel Cause of Expulsion.,1,1861
Northern Tears Incense for Chivalry.,1,1861
POWER AND PURPOSE OF THE CONFEDERATES.,1,1861
A Novel Cause of Expulsion.,1,1861
FROM THE RICHMOND STAND-POINT.,1,1861
LIEUT. DEMPSEY.,1,1861
Navigation of the Canals.,1,1861
Mails Close at the Post-office.,1,1861
HOW LOYAL VIRGINIANS DESERT THE REBELS.,1,1861
RUNNING THE BLOCKADE.,1,1861
State Politics The Democrats and the Union.,1,1861
Rations for Soldiers.,1,1861
PRIVATEERS OFF THE SOUTH AMERICAN COAST.,1,1861
GEN. BANKS' COLUMN.; REBEL MILITIA AT WINCHESTER.,1,1861
Passengers Arrived.,1,1861
WHAT IS TO BE DONE WITH THE PIRATES?,1,1861
Col. Slocum.,1,1861
LOCAL MILITARY MOVEMENTS.,1,1861
Amusements this Evening.,1,1861
GENERAL MARKETS.,1,1861
A PERFECT COUNTERFEIT. If there be such a,1,1861
The Case of James E. Harvey.,1,1861
Movements of the Ocean Steamers.,1,1861
THE FORCES UNDER GEN. SIEGEL.,1,1861
GENERAL CITY NEWS.,1,1861
The Yacht America Again in English Waters.,1,1861
"Habeas Corpus Martial Law, &c.",1,1861
THE SEVENTEENTH REGIMENT.,1,1861
The Blockade.,1,1861
Photographs of the War.,1,1861
SOUTHERN NEWS FROM NEW-ORLEANS.,1,1861
WHO ARE THE VANDALS NOW? THE BURN,1,1861
AFFAIRS IN RICHMOND THE ARREST OF MR. NELSON.,1,1861
A LETTER FROM COL. WILCOX.,1,1861
NEWS BY WAY OF RICHMOND,1,1861
From Jamaica.,1,1861
BROOKLYN NEWS.,1,1861
The Times for Sunday.,1,1861
Police Reports.; A CHARGE OF FRAUD.,1,1861
GENERAL CITY NEWS.,1,1861
DIED.,1,1861
BROOKLYN NEWS.,1,1861
Arrivals in the City.,1,1861
MARRIED.,1,1861
IMPORTANT IF TRUE. We copy from the,1,1861
FROM OUR FOREIGN FILES.; The Cunard Steam Fleet.,1,1861
MARRIED.,1,1861
News from California by the Pony Express,1,1861
PERSONAL. We are glad to learn that Mr.,1,1861
The Enemy's Sea-coast.,1,1861
"ARREST OF A SECESSION AGENT.; SEIZURE OF $200,000 IN BANK OF ENGLAND NOTES.",1,1861
A REBEL LETTER-WRITER.,1,1861
The Funeral of Col. Farnham.,1,1861
REPORTS FROM ALEXANDRIA.,1,1861
A CONGRESSMAN WHO IS NOT A SOLDIER.,1,1861
MORE CAPTURES OF NORTHERN VESSELS.,1,1861
Report of the Committee upon a National Hymn.,1,1861
Personal.,1,1861
MOVEMENTS OF GEN. ROSECRANS.,1,1861
POSITION OF THE OPPOSING FORCES.,1,1861
PARSON BROWNLOW'S VIEWS.,1,1861
REPORT OF A SURGEON OF THE EIGHTH.,1,1861
THE LOSS OF THE NORTH CAROLINA REGI MENT.,1,1861
BALTIMORE STEAMERS CHARTERED,1,1861
DEDICATION. St. Ann's Roman Catholic,1,1861
SINGULAR AFFAIR. At the close of the past,1,1861
Mails Close at the Post-office.,1,1861
A MUSS LIKELY TO PROVE OF MOMENT,1,1861
THE PRIVATEER SUMTER.,1,1861
Correspondence with the Rebels.,1,1861
A NOBLE-HEARTED LADY. A Young lady of,1,1861
THIS IS THE SEASON OF THE YEAR,1,1861
THE CROPS IN LOUISIANA AND ALABAMA,1,1861
A PERFECT CHARM.,1,1861
Recreant Soldiers.,1,1861
MINOR ITEMS.,1,1861
Rebel Advance upon St. Louis.,1,1861
GEN. FREMONT'S SECRETARY.,1,1861
THE MASSACHUSETTS BANKS.,1,1861
"MOTHERS,",1,1861
Trade of Chicago.,1,1861
Movements of Ocean Steamers.; FROM EUROPE.,1,1861
The Blockade.,1,1861
TIMELY WARNING.,1,1861
THE NO-PARTY MOVEMENT IN OHIO.,1,1861
WHAT SHALL BE DONE WITH THEM?,1,1861
CASE OF MR. ELY.,1,1861
OFFICERING VOLUNTEER REGIMENTS.,1,1861
ZEAL WITHOUT DISCRETION. THE London,1,1861
REPORTED DESIGNS OF THE REBELS,1,1861
GENERAL MARKETS.,1,1861
LEGISLATION OF THE CONFEDERATES.,1,1861
A ROMANTIC STORY. We learn the following,1,1861
Death of Lord Herbert.,1,1861
REPORT OF GEN. TYLER.,1,1861
SIXTEENTH MASSACHUSETTS REGIMENT.,1,1861
IMPORTANT:,1,1861
Passengers to Arrive.,1,1861
GEN. PATTERSON.,1,1861
TO BE PUT TO WORK.,1,1861
"OUTRAGES AT CYNTHIANA, OHIO.",1,1861
CONFEDERATE OFFICERS.,1,1861
OUT OF THEIR OWN MOUTHS. We have,1,1861
To subscribers.,1,1861
IMPORTANT FROM FORT MONROE.; THE REBELS PREPARING FOR AN ATTACK.,1,1861
ARKANSAS NEWS.,1,1861
The Fire Zouaves.,1,1861
"THE ""BENICIA BOY"" IN AN ILLINOIS COURT",1,1861
OUTRAGES IN SOUTHERN KANSAS.,1,1861
MINISTER HARVEY.,1,1861
THE WORK ACCOMPLISHED BY GEN. LYON,1,1861
JUDGE CATRON IN NASHVILLE.,1,1861
THE PIRATES OF THE PETREL IN COURT.,1,1861
A VOTE OF THANKS.,1,1861
SOUTHERN ITEMS THROUGH LOUISVILLE.,1,1861
MAKING HASTE VERY SLOWLY. We find the,1,1861
MARRIED.,1,1861
THE WAR IN WESTERN VIRGINIA.; A LARGE REBEL FORCE NEAR ROMNEY.,1,1861
Cricket at Long Branch.,1,1861
Markets by Telegraph.,1,1861
THE PHILADELPHIA NAVY-YARD.,1,1861
GARIBALDI AND THE WAR.,1,1861
A Long-Suffering Race.,1,1861
THE GUN-BOATS IN PHILADELPHIA.,1,1861
THE PRIZE-SHIP GEN. PARKHILL.,1,1861
TO RUN THE BLOCKADE.,1,1861
THE Norwegian Outward Bound.,1,1861
GENERAL CITY NEWS.,1,1861
MOVEMENTS IN BALTIMORE,1,1861
Passengers Sailed.,1,1861
Overland Soldiers.,1,1861
FRANCE AND THE CONFEDERATES.,1,1861
THE ELECTION IN TENNESSEE.,1,1861
SUPPRESSION OF THE ST. LOUIS HERALD.; CARD FROM THE EDITOR TO THE PUBLIC. I received the following notice last evening: ORDER NO. 12.,1,1861
A STEADFAST UNION MAN.,1,1861
JEFF. DAVIS ON REBELLION.,1,1861
Philadelphia Stock Board.,1,1861
DRUGGISTS EVERYWHERE NOW KEEP,1,1861
FROM CUMBERLAND GAP.,1,1861
A SINGULAR CHARGE.,1,1861
TROOPS-FROM CALIFORNIA.,1,1861
Position of the Rebel Forces.,1,1861
Volunteers' Families Suffering.,1,1861
The Sanitary Commission Handsome Donation.,1,1861
"GOV. JACKSON'S FORCE, ETC.",1,1861
NEWS OF THE DAY.,1,1861
MILITARY AND NAVAL MOVEMENTS.,1,1861
JUSTIFIABLY INDIGNANT. The reports from,1,1861
STATE POLITICS NATIONAL UNION PARTY.,1,1861
NEWSPAPERS IN THE CONFEDERATE STATES.,1,1861
The Steamship Etua.,1,1861
PROMOTED.,1,1861
INCREASE OF THE CONFEDERATE ARMY.,1,1861
AN UNWORTHY SON.,1,1861
A NEW-YORKER'S EXPERIENCE IN MISSIS SIPPI.,1,1861
FROM PENSACOLA.,1,1861
DIED.,1,1861
Neutrality of the Isthmus.,1,1861
MUTINY OF THE SEVENTY-NINTH.,1,1861
CAPT. CARY GRATZ. In comparing the list,1,1861
ORDER READ TO THE SEVENTY-NINTH.,1,1861
GOING TO RUN THE BLOCKADE.,1,1861
Tightening the Chains.,1,1861
EAST TENNESSEE.,1,1861
MARKETS VIA LIVERPOOL.,1,1861
LATEST VIA LONDONDERRY.,1,1861
THE TWO YEARS' VOLUNTEERS.,1,1861
Prince Napoleon in the West.,1,1861
THE INCREASED PAY.,1,1861
NEWS OF THE DAY.,1,1861
THE FIRST IOWA VOLUNTEERS.,1,1861
LATEST FROM FORTRESS MONRE.,1,1861
HUMANE.,1,1861
MILITARY AND NAVAL MOVEMENTS.,1,1861
Passengers Arrived.,1,1861
Prisoners of War.,1,1861
HON. A.R. BOTELER NOT DEAD BUT ARRESTED.,1,1861
THE PIRATES.,1,1861
AFFAIRS AT CAIRO,1,1861
FRANCE.,1,1861
THE GREAT REBELLION.; Highly Important News from Washington. The Rebel Forces Gradually Approaching the Potomac.Important Order from the Secretaryof War.All New Regiments and Parts of Regimentsto be Hurried to the Capital.Equipments and Other Necessaries tobe Furnished Them.The Attitude of England andFrance.NO POLICY AGREED UPON.Additional Particulars of the Battle ofWilson's Creek.Interesting from Fortress Monroe.,1,1861
M'CLELLAN'S ENERGY.,1,1861
FREE SPEECH.,1,1861
GEN. SHIELDS ON THE WAR.,1,1861
TURKEY.,1,1861
THE IMPRISONED FIRE ZOUAVES AT RICHMOND.,1,1861
PORTE CRAYON.,1,1861
Napoleon and the Southern Confederacy.,1,1861
ENGLAND AND THE UNITED STATES.,1,1861
CAUSE OF MR. FAULKNER'S ARREST.,1,1861
DIED.,1,1861
BROOKLYN NEWS.,1,1861
A STRANGE STORY OF CRIME Policeman...,1,1861
THE PRIZE BRIG HERALD,1,1861
HOW THEY GET ARMS.,1,1861
A CARD FROM HON. ELI COOK.,1,1861
"WESTCHESTER FAIR FOR THE WAR,",1,1861
"STABBING AFFRAY Saturday night, two men...",1,1861
CROP PROSPECTS IN THE WEST. It would be...,1,1861
RUSSIA.,1,1861
OFFICIAL ROBBERY.,1,1861
Markets by Telegraph.,1,1861
A BRAVE BUGLER.,1,1861
Murder not War.,1,1861
"MOTHERS,",1,1861
REBEL LOSS AT BULL RUN.,1,1861
GETTING UNEASY.,1,1861
LATEST VIA LONDONDERRY.(2),1,1861
To Subscribers.,1,1861
Winter Garden.,1,1861
SOME STILL LEFT.,1,1861
CONNECTICUT.,1,1861
QUALIFICATIONS FOR OFFICERS.,1,1861
MARRIED.,1,1861
AFFAIRS AT RICHMOND.,1,1861
GENERAL CITY NEWS.,1,1861
GEN. SHERMAN.,1,1861
TIMELY WARNING.,1,1861
A PERFECT CHARM.,1,1861
SENATOR TRUMBULL IN NEW-JERSEY.,1,1861
Mails Close at the Post-office.,1,1861
AUSTRIA.,1,1861
A NOVEL LAWSUIT A novel suit has been...,1,1861
Movements of Ocean Steamers.; FROM EUROPE.,1,1861
THE MICHIGAN STATE DEBT.,1,1861
HOW MEN ARE HUNTED AT THE SOUTH. The,1,1861
Arrivals in the City.,1,1861
New-Jersey.,1,1861
ARREST OF PIERCE BUTLER.,1,1861
SKELETON REGIMENTS IN PHILADELPHIA.,1,1861
Movements of Ocean Steamers.; FROM EUROPE.,1,1861
GENERAL CITY NEWS.,1,1861
"THE MASSACHUSETTS REGIMENTS, ETC.",1,1861
THE GREAT LOAN.,1,1861
LETTERS FOR THE ARMY.,1,1861
Disloyalty in Washington.,1,1861
ANOTHER PRIVATEER.,1,1861
Philadelphia Stock Board.,1,1861
A FITTING TESTIMONIAL. The steamship,1,1861
NEW-JERSEY TROOPS FOR THE SEAT OF WAR.,1,1861
FROM GEN. BANKS' COMMAND.,1,1861
A DISLOYAL NAVAL COMMANDER.,1,1861
Fighting at Hand in Kentucky.,1,1861
Freedom of Speech and the Rebellion.,1,1861
MARRIED.,1,1861
GEN. WOOL AT FORTRESS MONROE.,1,1861
Markets by Telegraph.,1,1861
Blockade vs. Coast Guard.,1,1861
ANOTHER SECESSION PAPER CLEANED OUT.,1,1861
AN EFFICIENT BLOCKADE.,1,1861
The Capital in Danger.,1,1861
"THE BATTLE OF BULL RUN.; Description of the Engagement by Mr. Russell, Special Correspondent of the London Times. THE BATTLE OF BULL RUN.",1,1861
The Enemy's Sea-Coast.,1,1861
Mails Close at the Post-office.,1,1861
An Improved Army.,1,1861
Passengers Arrived.,1,1861
THE CLAMOR FOR PEACE AND WHERE IT COMES FROM.,1,1861
Amusements.,1,1861
A REBEL OFFICER. The Richmond (Va.),1,1861
To Subscribers.,1,1861
THE RECENT BATTLE AT WILSON'S CREEK MISSOURI.,1,1861
TIMELY WARNING.,1,1861
REPORTS FROM ALEXANDRIA.,1,1861
Letter from a Southern Secessionist.,1,1861
Amusements this Evening.,1,1861
The Supply Department.,1,1861
Fire Heavy Loss.,1,1861
GENERAL MARKETS.,1,1861
TEST OF THE DAHLGREN GUN.,1,1861
A PERFECT CHARM.,1,1861
CANADIAN VIEW OF THE EVILS OF WAR.,1,1861
LATEST REPORTS FROM MISSOURI.,1,1861
DIED.,1,1861
"LOSS OF THE FIRST MISSOURI REGIMENT, ETC.",1,1861
A VERY NATURAL INQUIRY. We find the fo,1,1861
CAPTURE OF THE BARK JOSEPH MAXWELL BY THE SUMTER.,1,1861
OF COURSE! It is announced by the War,1,1861
Work for Gen. Wool.,1,1861
"MOTHERS,",1,1861
MICHIGAN TROOPS.,1,1861
THE STEAMER MARION NOT SEIZED.,1,1861
NEWS OF THE DAY.,1,1861
INTERCEPTED LETTERS. The agent of the As-...,1,1861
SOUTHERN ITEMS FROM LOUISVILLE.,1,1861
THE QUESTION OF PARTY.,1,1861
HOLDING PRISONERS TO THE END OF THE WAR.,1,1861
GARIBALDI.,1,1861
THE WAR IN MISSOURI.; IMPORTANT MOVEMENTS OF THE REBELS.,1,1861
Jersey City.,1,1861
Boston Weekly Bank Statement.,1,1861
TOWN OF COMMERCE RETAKEN.,1,1861
MURDEROUS OUTRAGES OF THE REBELS.,1,1861
THE WESTERN VIRGINIA CONVENTION.,1,1861
EXCHANGE OF PRISONERS. A telegram from...,1,1861
A PRIZE BURNED BY THE VINCENNES.,1,1861
GENEROUS DONATIONS.,1,1861
American Exaggerations.,1,1861
DIED.,1,1861
JUDGE CADWALLADER ON PIRACY.,1,1861
The Seventh Regiment.,1,1861
HONOR TO GEN. LYON.,1,1861
MORE OF THE PIRATES.,1,1861
TREASURER OF THE PHILADELPHIA MINT.,1,1861
Markets by Telegraph.,1,1861
BROOKLYN NEWS.,1,1861
SPECULATIONS FROM RICHMOND.,1,1861
Personal.,1,1861
BRISK SKIRMISHING IN MISSOURI.,1,1861
TROOPS FROM MASSACHUSETTS.,1,1861
HOW A UNION MAN WAS TREATED IN VIRGINIA.,1,1861
GALVESTON BOMBARDED.,1,1861
THE EASTERN TENNESSEE UNIONISTS.,1,1861
Prince Napoleon at Detroit.,1,1861
Mails for Europe.,1,1861
PIERCE BUTLER IN FORT LAFAYETTE.,1,1861
"MORGAN MISSOURI RANGERS.""",1,1861
THE ARREST OF PIERCE BUTLER.,1,1861
FRANCE.,1,1861
"Spoken, &c.",1,1861
Departure of Ocean Mails.,1,1861
Fire in Buffalo.,1,1861
SICK AND WOUNDED REBELS.,1,1861
THE NATIONAL TROOPS IN WESTERN VIRGINIA.,1,1861
LATEST VIA QUEENSTOWN.,1,1861
THE DEMOCRATS IN MAINE.,1,1861
A COMPLIMENT. Capt. T.F. MEAGEER has...,1,1861
ITALY.,1,1861
Amusements this Evening.,1,1861
LATEST MARKETS via QUEENSTOWN.; HAVRE MARKET.,1,1861
HON. ALFRED ELY.,1,1861
Foreign Ports.,1,1861
THE SITUATION,1,1861
AUSTRIA.,1,1861
FROM FORTRESS MONROE.,1,1861
THE PRIVATEER JEFF. DAVIS.,1,1861
GEN. SIEGEL IN ST. LOUIS.,1,1861
Passengers Arrived.,1,1861
Mails Close at the Post-office.,1,1861
Decisions.; SUPREME COURT CHAMBERS.,1,1861
THE ARREST IN PHILADELPHIA.,1,1861
DEPARTURE OF TROOPS FROM NEW-JERSEY,1,1861
Movements of Ocean Steamers.,1,1861
GENERAL MARKETS.,1,1861
"WANTED, A SLIPPERED PANTALOON. A morn-...",1,1861
THE PHILADELPHIA NAVY-YARD.,1,1861
MORE SECESSION PAPERS STOPPED.,1,1861
ASPECTS IN MISSOURI. Our accounts this...,1,1861
AN ARREST IN MARCELLUS.,1,1861
Arrivals in the City.,1,1861
RETALIATION URGED.,1,1861
News from Porto Rico.,1,1861
Obituary.,1,1861
LIVE STOCK MARKETS.,1,1861
THE JEFF. DAVIS AGAIN.,1,1861
"Examination of Slaver-Outfitters, &c.",1,1861
Rain Storm in Cincinnati.,1,1861
Decisions.; SUPREME COURT CHAMBERS.,1,1861
VERMONT UNION STATE CONVENTION.,1,1861
Movements of Ocean Steamers.,1,1861
The Mall Hit Upon its Head.,1,1861
SOLDIERS' RATIONS.,1,1861
A SOUTHERN REPORT.,1,1861
THE TWENTY-FIRST MASSACHUSETTS REGIMENT.,1,1861
THE RECENT BATTLE NEAR SPRINGFIELD.,1,1861
Obituary.,1,1861
British War-Steamer driven Ashore.,1,1861
STATE CANNON FOR THE WAR.,1,1861
Passengers Arrived.,1,1861
Article 1 -- No Title,1,1861
Population of the United Kingdom.,1,1861
Arrivals in the City.,1,1861
MILITARY AND NAVAL MOVEMENTS.,1,1861
THE WHEELING CONVENTION ADJOURNED.,1,1861
The English Press on American Affairs.,1,1861
THE SUPPRESSION OF A REBEL JOURNAL.,1,1861
RETURN HOME OF VIRGINIA VOLUNTEERS.,1,1861
Operations of Col. Gowan at Sebastopol.,1,1861
Body Found in the Water.,1,1861
The Blockade and Impressment.,1,1861
ENROLLING THE STATE MILITIA.,1,1861
HON. ALEXANDER R. BOTELER.,1,1861
"SLAVERS CAPTURED. The brig St. Marys,",1,1861
Merchant Ship Building.,1,1861
NEWS FROM KANSAS CITY.,1,1861
DIED.,1,1861
Amusements this Evening.,1,1861
GENERAL MARKETS.,1,1861
SUSPICIOUS.,1,1861
"FROM FORTRESS MONROE.; THE DUTCH STEAM-FRIGATE ZEEZEELAND, ETC.",1,1861
Article 2 -- No Title,1,1861
THE SUMTER NOT CAPTURED AT CURACOA.,1,1861
Personal.,1,1861
AN EXPENSIVE EXPERIMENT. Some days,1,1861
THE PEOPLE AND THE PRESS. The Journal,1,1861
To Subscribers.,1,1861
The Spanish in Hayti.,1,1861
THE PRIVATEER ECHO.,1,1861
The Train Laid by Kentucky Rebels.,1,1861
Parliament and the American War.,1,1861
WHOLESALE PRODUCE MARKET.,1,1861
BROOKLYN NEWS.,1,1861
THE RESPONSE OF PENNSYLVANIA.,1,1861
THE FIRE ZOUAVES. The reorganization of,1,1861
REPORTS FROM ALEXANDRIA.,1,1861
TERRIBLE LOSSES OF THE REBELS.,1,1861
MOVEMENTS OF THE REVENUE CUTTERS.,1,1861
MOVEMENTS OF TRANSPORTS.,1,1861
SOUTHERN ITEMS FROM LOUISVILLE.,1,1861
THE WAR IN MISSOURI.; OFFICIAL ACCOUNT OF THE CHARLESTON AFFAIR.,1,1861
LIST OF THE KILLED AND WOUNDED. COMPANY A.,1,1861
The Yacht America Beaten.,1,1861
THE HORSE MARKET.,1,1861
Philadelphia Stock Board.,1,1861
SECESSIONISTS IN SALINE COUNTY.,1,1861
Affairs in Mexico.,1,1861
THE GENERAL RESULT.,1,1861
ARREST OF A BALTIMORE MERCHANT.,1,1861
MARRIED.,1,1861
Markets by Telegraph.,1,1861
Breech-Loading Arms.,1,1861
Departure of Ocean Mails.,1,1861
MORALS OF THE TROOPS. Not a little solici,1,1861
The British War-Steamer Driver Ashore.,1,1861
GENERAL CITY NEWS.,1,1861
MARRIED.,1,1861
WROUGHT-IRON GUNS.,1,1861
Amusements this Evening.,1,1861
Mails Close at the Post-office.,1,1861
A SPIRITUAL ADVENTURE.,1,1861
AFFAIRS ON THE UPPER POTOMAC.; RUMORED CROSSING BY THE REBELS. GEN. BANKS REPORTED TO HAVE ADVANCED TO WINCHESTER. THE MOVEMENT TO MONOCACY.,1,1861
Wreck of the Banshee Man Drowned.,1,1861
Movements of Ocean Steamers.,1,1861
CABINET DICERSIONS. A dispatch from,1,1861
Foreign Officers.,1,1861
Treason of Senator Bright.,1,1861
CALIFORNIA WINES. A new brand of Cali,1,1861
"PLANS OF THE REBELS, ETC.",1,1861
A Solution.,1,1861
A Query.,1,1861
Oswego Canal Navigation.,1,1861
Arrivals in the City.,1,1861
Telegraphic Enterprise.,1,1861
THE SEVENTH REGIMENT.,1,1861
DIED,1,1861
WHY THEY DIDN'T DO IT.,1,1861
BAD FOR OUR NAVY. A patriotic Confeder,1,1861
Affairs in Missouri.,1,1861
To Subscribers.,1,1861
AFFAIRS AT KEY WEST.,1,1861
The Blockade.,1,1861
A SENSIBLE CANADIAN VIEW.,1,1861
LOOKS LIKE WORK. The Baltimore Patriot,1,1861
THE REBEL POLICE COMMISSIONERS. Last,1,1861
The Good Omens of Slavery.,1,1861
What Shall we do with the Slaves?,1,1861
The Ordeal of the Nation.,1,1861
A JERSEYMAN ARRESTED IN NEW-ORLEANS.,1,1861
Departure of Ocean Mails.,1,1861
THE SPECIAL CORRESPONDENT CONVALESCENT.,1,1861
THE BLOCKADE AND NEUTRAL RIGHTS.,1,1861
A Phenoman Needing Explanation.,1,1861
A BRITISH ESTIMATE OF THE LONDON TIMES.,1,1861
Movements of Ocean Steamers.,1,1861
Prize Commissioners' Office.,1,1861
AFFAIRS ON THE UPPER POTOMAC.; GEN. BANKS STILL AT MONOCACY THE REBELS AT HARPER'S FERRY.,1,1861
NEW-GRANADA THE REVOLUTION SUCCESS,1,1861
MARRIED.,1,1861
CALCIUM LIGHT REGIMENT.,1,1861
A REFORM THAT MUST BE HAD. The great,1,1861
Mails Close at the Post-office.,1,1861
Army Reforms The Adjutant-General's Bureau.,1,1861
MILITARY AND NAVAL MOVEMENTS.,1,1861
A New Direction for Secession Enterprise.,1,1861
Gov. MORGAN'S PROCLAMATION THE RE,1,1861
ARRIVAL OF THE CANADA'S MAILS.; Our London and Paris Correspondence.More of Mr. Russell's Revelations about theBattle of Bull Run.The British Press on the Battle and the Blockade.,1,1861
THE BATTLE AT WILSON'S CREEK.,1,1861
ARREST OF ALLEGED TRAITORS.,1,1861
GENERAL MARKETS.,1,1861
To Subscribers.,1,1861
Amusements this Evening.,1,1861
GEN. LYON.,1,1861
THE LATE MOB AT EASTON.,1,1861
THE IOWA DEMOCRACY.,1,1861
ON TO RICHMOND. The gentle public need,1,1861
DIED.,1,1861
Markets by Telegraph.,1,1861
Confederate Finances.,1,1861
PASSPORTS TO EUROPE. HOW THEY ARE,1,1861
The Suppression Newspapers.,1,1861
THE SIXTH MASSACHUSETTS REGIMENT.,1,1861
MILITARY MOVEMENTS IN CANADA.,1,1861
THE WASHINGTON NAVY-YARD.,1,1861
INTRIGUES OF A SECESSIONIST.,1,1861
Markets by Telegraph.,1,1861
FURTHER DEPREDATIONS OF THE SUMTER.,1,1861
Movements of Ocean Steamers.,1,1861
SEIZURE OF A VESSEL SUPPOSED TO BE BOUND FOR A BLOCKADED PORT.,1,1861
THE LETTER OF HON. JOSEPH HOLT.,1,1861
"EXCITEMENT AT WILMINGTON, DEL.",1,1861
SURGEONS AT MANASSAS.,1,1861
THE BLOCKADE OF THE MISSISSIPPI. We,1,1861
Mails Close at the Post-office.,1,1861
BRIG.-GEN. SLOCUM AT HOME.,1,1861
PASTORAL LETTER FROM BISHOP ODENHEIMER.,1,1861
LETTER FROM PARSON BROWNLOW.,1,1861
Tried and Found Faithless.,1,1861
Devotion to the Union.,1,1861
Fire.,1,1861
Trade of Chicago.,1,1861
THE BURNING OF HAMPTON.,1,1861
IMPORTANT FROM BALTIMORE.; CAPTURE OF LARGE QUANTITIES OF FLOUR AND WHEAT.,1,1861
SUPREME COURT OF THE REBEL STATES.,1,1861
THE ARREST OF MR. BOTELER.,1,1861
ITEMS FROM THE SOUTH.,1,1861
BANK ASSIGNEES ENJOINED.,1,1861
TROUBLES OF THE REBELS.,1,1861
ANOTHER ARREST IN PHILADELPHIA.,1,1861
THE JEFF. DAVIS CHEATED OF A PRIZE.,1,1861
DIED,1,1861
MORE SEIZURES IN PHILADELPHIA.,1,1861
PHILADELPHIA PRISONERS IN CHARLESTON,1,1861
The Treasury Note Negotiation.,1,1861
CALIFORNIA AND NEW-HAMPSHIRE.,1,1861
The Nova-Scotain Outward Bound.,1,1861
IMPORTANT ARREST IN WASHINGTON.,1,1861
"Mayor Berrett, of Washington, a Prisoner of State.; Important Seizures of Goods Destined for the Rebels. No Rebel Troops at Harper's Ferry.Johnston Concentrating his Forces at Leesburgh.More National Prisoners Es-caped from Richmond.Secession Outrage at Cumberland, Md.Attempt to Capture Ex-Gov.Thomas.Attempts to Raise Peace Flags in Con-necticut. The Bridgeport Farmer OfficeDemolished.INTERESTING FROM FORTRESS MONROE.The Rebels at Sewall's Point Startled.SPECIAL DISPATCH FROM WASHINGTON. AN IMPORTANT SEIZURE. THS TROOPS IN VIRGINIA. GEN. HANSFIELD COMING NORTH. AN ARRIVAL FROM RICHMOND. CAME THROUGH. CLOTHING DEPOT. DISPATCH TO THE ASSOCIATED PRESS.",1,1861
Burning of tho Baltimore County CourtHouse.,1,1861
SOUTHERN CHIVALRY.,1,1861
PURCHASED FOR THE BLOCKADE.,1,1861
THE BODY OF COL. CAMERON.,1,1861
ATTEMPT TO TAKE EX-GOV. THOMAS PRISONER.,1,1861
News From Hayti.,1,1861
AN INCIDENT OF THE WAR.,1,1861
RECRUITING UNDER FALSE PRETENCES. At,1,1861
THE NEWSPAPER QUESTION. Postmaster,1,1861
Passengers Arrived.,1,1861
A SPEECH FROM GEN. McCLELLAN.,1,1861
LOSS OF THE FOURTH ALABAMA.,1,1861
An Honest Voice from Manchester.,1,1861
THE VANDERBILT STEAMERS.,1,1861
Democratic County Convention.,1,1861
FROM JEFFERSON CITY.,1,1861
AN EXCITING INCIDENT.,1,1861
THE RESPONSE.,1,1861
THE HAMPTON LEGION.,1,1861
GEN. ROSECRANS' COMMAND.,1,1861
GENERAL CITY NEWS.,1,1861
A SCENE IN A WESTERN VIRGINIA COURTROOM.,1,1861
ANOTHER BLOW AT SECESSION JOURNALS.,1,1861
Cricket.,1,1861
STOPPAGE OF THE TRUE AMERICAN.,1,1861
COL. WILCOX.,1,1861
SOUND VIEWS AT LAST.,1,1861
THE DUTY OF DEMOCRATS.,1,1861
A SECESSION VIEW OF GEN. McCLELLAN.,1,1861
CHEERING FROM CANADA.,1,1861
CHIVALRY VERSUS SCIENCE.,1,1861
NEWS OF THE DAY.,1,1861
THE LATE GEN. GARNETT.,1,1861
MR. FAULKNER.,1,1861
ARREST OF A BEARER OF DISPATCHES TO JEFFERSON DAVIS.,1,1861
REBEL PRISONERS.,1,1861
THE POSITION OF HON. D.S. DICKINSON,1,1861
WHEAT.,1,1861
Homes for the Poor at the West.,1,1861
"AN INSPECTOR OF ARMY GOODS,",1,1861
PROHIBITION OF SOUTHERN EXPORTS.,1,1861
Philadelphia Stock Board.,1,1861
BROOKLYN NEWS.,1,1861
RUMORED PROJECT TO ATTACK FORTRESS MONROE.,1,1861
BOUNTIES TO ENLISTING OFFICERS.,1,1861
THE MUTINEERS.,1,1861
The Late Gen. Lyon In Memoriam.,1,1861
THE BLOCKADE.,1,1861
MARRIED.,1,1861
PATRIOTISM IN MAINE.,1,1861
THE PHILANTHOPISTS AND WOMAN'S WRONGS.,1,1861
HORRIBLE MURDER.,1,1861
A PATRIOTIC LETTER.,1,1861
"EXCITEMENT AT LOUISVILLE, KY., ETC.",1,1861
TENNESSEE.,1,1861
Arrivals in the City.,1,1861
SOUTHERN ITEMS VIA LOUISVILLE.,1,1861
Passengers Sailed.,1,1861
FULL-FED TREASON.,1,1861
Movements of Ex-President Pierce.,1,1861
GENERAL MARKETS.,1,1861
THE RUSH OF TROOPS.,1,1861
AFFAIRS AT FORTRESS MONROE.; THE REBELS AT SEWELL'S POINT SURPRISED.,1,1861
AN ENGLISH OFFICER IN THE REBEL RANKS.,1,1861
The State of kanawha.,1,1861
Men in the English and American Navies.,1,1861
PLAN OF BEAUREGARD.,1,1861
POSITION OF SENATOR SHERMAN.,1,1861
BILLY WILSON'S ZOUAVES.,1,1861
FROM FORTRESS MONROE.,1,1861
RESIGNATION OF NAVY OFFICERS.,1,1861
Movements of Ocean Steamers.,1,1861
Police Reports.; ARRESTS BY THE POLICE.,1,1861
DISHONORABLE MENTION.,1,1861
ABOUT THESE HANDCUFFS.,1,1861
PRIVATEERSMEN IN FORT LAFAYETTE.,1,1861
RICHMOND DRAINED.,1,1861
Markets by Telegraph.,1,1861
Decisions.,1,1861
GENERAL CITY NEWS.,1,1861
THE SUMTER'S OFFICERS.,1,1861
English Wool Trade.,1,1861
Arrivals in the City.,1,1861
THE DANGER IN KENTUCKY.,1,1861
BROOKLYN NEWS.,1,1861
LATEST FROM FORTRESS MONROE.,1,1861
MILITARY AND NAVAL MOVEMENTS.,1,1861
DISPATCH TO THE ASSOCIATED PRESS.,1,1861
LAW REPORTS.,1,1861
SOUTHERN FINANCES.,1,1861
A PERFECT CHARM.,1,1861
Amusements.,1,1861
MARINE INTELLIGENCE.,1,1861
HEALTH OF THE ARNY.,1,1861
GEN. WOOL'S COMMAND.,1,1861
NEWS OF THE DAY.,1,1861
THE LAW EXPLAINED.,1,1861
MARYLAND POLITICS.,1,1861
Non-Arrival of the Hibernian.,1,1861
The War Department Waked Up.,1,1861
PROTECTION OF PHILADELPHIA.,1,1861
THE ARMS FROM KENTUCKY,1,1861
SEIZURE OF SECESSION PAPERS.,1,1861
SKIRMISHING IN WESTERN VIRGINIA.,1,1861
TENNESSEE REFUGEES IN KENTUCKY.,1,1861
THE GREAT REBELLION.; Important News from the National Capital. Interdiction of Correspondence with the Rebels by Express. ARREST OF FEMALE SECESSIONISTS. Particulars of the Arrest of Mayor Berrett. An Immense Army Concentrated by the Rebels. Wholesale Impressment in Virginia. Refugees on the Maryland Side of the Potomac. Operation of the Army in WesternVirginia. LATEST MOVEMENTS IN MISSOURI. SPECIAL DISPATCH FROM WASHINGTON. THE QUESTION SETTLED. IMPORTANT ARRESTS. ARREST Of FEMALE SECESSIONISTS. REVIEWING THE REGULARS. REFUGEES FROM VIRGINIA. GONE OVER TO THE REBELS. GONE DOWN THE RIVER. CONCENTRATION OF REBEL TROOPS. THE MUTINEERS. TOOK THE OATH. THE POSITION OF GEN. ROSECRANS. THE ARREST OF LIEUT.-COL. STEPHAN. FIRING UPON EACH OTHER. REBEL CAVALRY SEEN. A SUCCESSFUL EXPEDITION. GUARDING THE PRISONERS. VISITING THE SOLDIERS. GEN. MANSFIELD. CAPT. DRAKE DE KAY. JUSTICE DONE. BULL RUN ABROAD.,1,1861
THE RHODE ISLAND REGIMENTS.,1,1861
SOUTHERN ITEMS VIA LOUISVILLE.,1,1861
FROM PENSACOLA.,1,1861
GEN. LANE AT HOME.,1,1861
MARRIED.,1,1861
THE BATTLE AT WILSON'S CREEK.,1,1861
ORGANIZE FOR THE COAST.,1,1861
THE EXPERIENCE OF A DESERTER.,1,1861
Amusements this Evening.,1,1861
THE REBELS BEFORE WASHINGTON.,1,1861
THE REBELS AT CUMBERLAND GAP.,1,1861
Miscellaneous Foreign Items.,1,1861
Mails Close at the Post-office.,1,1861
DIED.,1,1861
AFFAIRS IN THE SOUTH.,1,1861
Shall We Borrow British Gold?,1,1861
LAUNCHING OF A NEW GUN-BOAT.,1,1861
TIMELY WARNING.,1,1861
THE REBEL ALLIES IN CONNECTICUT.,1,1861
A CALL TO THE TEXANS.,1,1861
ANOTHER SOUTHERN AGENT ARRESTED.,1,1861
News from California The Pony Express.,1,1861
FUNERAL OF A YOUNG SOLDIER.,1,1861
Freedom Of the Press.,1,1861
Passengers Arrived.,1,1861
LATEST VIA LONDONDERRY.,1,1861
FROM FORT BLISS.,1,1861
New-Jersey.,1,1861
Movements of Ocean Steamers.; FROM EUROPE.,1,1861
Article 2 -- No Title,1,1861
Decisions.; SUPREME COURT CHAMBERS.,1,1861
Commercial Intelligence per Hibernian.,1,1861
Safety of the Steamship Etna.,1,1861
The Policy of the Rebels.,1,1861
MOVEMENTS OF HARDEE'S REBEL FORCES.,1,1861
GENERAL MARKETING.,1,1861
INDIA AND CHINA.,1,1861
OUTRAGES IN SOUTHERN KENTUCKY.,1,1861
AUSTRALIA.,1,1861
THE CITY OF WASHINGTON'S NEWS.,1,1861
CAPT. HOLLINS.,1,1861
NEWS OF THE DAY.,1,1861
POLAND.,1,1861
AFFAIRS IN WESTERN VIRGINIA.,1,1861
THE REBEL CAMPS AT MANASSAS.,1,1861
MAJOR WHEAT.,1,1861
"War, Cotton and Slavery.",1,1861
A NEW VIEW.,1,1861
Mails Close at the Post-office.,1,1861
PACKAGES OF THE DAILY NEWS SEIZED.,1,1861
"A SECESSIONIST SCARED OUT OF SCRANTON, PENN.",1,1861
How to Divide the Work.,1,1861
THE ARMY IN WESTERN VIRGINIA.,1,1861
A Vital Point to Strike.,1,1861
A PATRIOTIC CONGRESSMAN.,1,1861
WAR BRIG REPORTED.,1,1861
THE GUN-BOAT R.B.FORBES.,1,1861
NEW-JERSEY CAVALRY FOR THE WAR.,1,1861
Editorial Article 1 -- No Title,1,1861
"ARREST OF A REBEL RECRUITING OFFICER,",1,1861
THE BODY OF GEN. LYON.,1,1861
SOUTHERN ITEMS VIA LOUISVILLE.,1,1861
DIED,1,1861
TO THE COLLECTOR AT THE LAKE PORTS.,1,1861
WHO ARRESTED MISS WINDLE.,1,1861
BRAZIL.,1,1861
Secretary Seward En Route Home.,1,1861
Amusements this Evening.,1,1861
TERMS OF ENLISTMENT.,1,1861
Recruiting and Army Hygiene.,1,1861
Departure of Ocean Mails.,1,1861
MOVEMENTS OF MR. HOLT.,1,1861
HOW PRENTISS IS TREATED,1,1861
ITALY.,1,1861
Arrivals the City.,1,1861
THE RELEASE OF HON. T.A.R.NELSON.,1,1861
MOVEMENTS OF THE PRIVATEER JEFF. DAVIS.,1,1861
NAVAL AND MILITARY MOVEMENTS.,1,1861
ALLEGED SECESSIONISTS ARRESTED IN PITTSBURGH.,1,1861
A REBEL CHALLENGE.,1,1861
PATRIOTIC.,1,1861
AN OUTRAGE IN ARKANSAS.,1,1861
TRANSFERRED TO PORT LAFAYETTE.,1,1861
PRUSSIA.,1,1861
UNION MEETING AT BRIDGEPORT.,1,1861
THE CASE OF MAJOR BERRETT.,1,1861
The Pony Express.,1,1861
SEIZURE OF GOLD SKIRMISH.,1,1861
ESCAPED PRISONERS.,1,1861
Article 1 -- No Title,1,1861
UNION MEN MURDERED IN KENTUCKY.,1,1861
A TIMELY ORDER.,1,1861
INDICTED FOR TREASON.,1,1861
FROM PENSACOLA.,1,1861
THE WAR IN MISSOURI.; A REBEL FORCE THREATENING ATHENS.,1,1861
A Charge of Murder.,1,1861
"THE NINETEENTH MASSACHUSETTS REGIMENT, ETC.",1,1861
WHY THE SOUTHERN ARMY DON'T MOVE FORWARD.,1,1861
AUSTRIA.,1,1861
Murder by Indians.,1,1861
MARRIED.,1,1861
Philadelphia Stock Board.,1,1861
"HON. S.R. CURTIS, OF IOWA.",1,1861
A Nuisance to be Abated.,1,1861
QUESTION OF BELLIGERENT RIGHTS.; A Legal Investigation of the Entire Subject.,1,1861
Markets by Telegraph.,1,1861
ARREST OF A REBEL.,1,1861
ENGLAND INTERESTED WITH THE NORTH.,1,1861
BAGS FOR COTTON.,1,1861
WHY THE NATIONAL TROOPS FLED AT BULL RUN.,1,1861
THE RIOTS IN CONNECTICUT.,1,1861
Another Defeat.,1,1861
THE BLOCKADE NOT TO BE BROKEN UP.,1,1861
Cricket.,1,1861
United States Passports.,1,1861
THE NORTH IN WANT OF A CRY.,1,1861
Movements of Mr. Seward.,1,1861
Boston Weekly Bank Statement.,1,1861
Passengers Arrived.,1,1861
Markets by Telegraph.,1,1861
Fugitive Freemen.,1,1861
NAVEL AND MILITARY MOVEMENTS.,1,1861
Amusements this Evening.,1,1861
VACANCIES AT WEST POINT.,1,1861
A Dangerous Ally.,1,1861
NOW FOR THE TELEGRAPH.,1,1861
Arrest of a Noted Slave-trader.,1,1861
S0UTHERN I EMS VIA LOUISVILLE.,1,1861
ASSAULT UPON HON. JOHN P. HALE.,1,1861
Vivid Picture of the Rebellion,1,1861
ADVANTAGES OF THE BRITISH CONSTITU- TION.,1,1861
DEPARTURE OF THE CHASSEURS.,1,1861
GEN. DIX AND THE CARRICK'S FORD PRISONERS.,1,1861
DIED.,1,1861
BROOKLYN NEWS.,1,1861
Trade Rivalries in England.,1,1861
The Public Debt Important Review.,1,1861
Cabinet Matters.,1,1861
GENERAL CITY NEWS.,1,1861
Philadelphia Stock Board.,1,1861
Arrival of the Teutonia off Cape Race.,1,1861
FATAL ACCIDENT ON THE HUDSON.,1,1861
Gen. Rosecrans.,1,1861
Amusements this Evening.,1,1861
"UNION MEETING AT SLOATSBURGH, N.Y.",1,1861
MARRIED.,1,1861
FUNERAL CEREMONIES IN HONOR OF GEN. LYON.,1,1861
J.C. BRECKINRIDGE.,1,1861
The Rebellion in Missouri.,1,1861
"UNION MEETING AT STILLWATER, N.Y.",1,1861
Markets by Telegraph.,1,1861
J.C. BRECKINRIDGE.,1,1861
Passengers Sailed.,1,1861
English Recognition of the South.,1,1861
Navigation of the Canals.,1,1861
NEWS OF THE DAY.,1,1861
GEN. LYON'S REMAINSEN ROUTE FOR THE EAST.,1,1861
FROM FORTRESS MONROE.; DISPOSAL OF THE FLAGS OF TRUCE EXCHANGE OF PRISONERS DESTINATION OF THE NAVAL EXPEDITION.,1,1861
Lying as a Profession.,1,1861
Mrs. Lincoln en route for Niagara Falls.,1,1861
A Union Camp in Kentucky.,1,1861
APPLIES FOR DIVORCE.,1,1861
THE ROYAL MAIL STEAMSHIP PERSIA. The,1,1861
MORE SEIZURES OF THE NEW-YORK DAILY NEWS.,1,1861
SOUTHERN FINANCES.,1,1861
"Fire at Freeport, Ill.",1,1861
DELEGATES TO THE DEMOCRATIC STATE CONVENTION.,1,1861
Military Examinations.,1,1861
A FRANK CONFESSION.,1,1861
ANOTHER PRIVATEER.,1,1861
"MORE MASSACHUSETTS TROOPSEN ROUTE FOR THE SEAT OF WAR, &c.",1,1861
A Poor Excuse.,1,1861
LAUNCH OF ANOTHER GUN-BOAT,1,1861
Politics in Pennsylvania.,1,1861
Mails Close at the Post-office.,1,1861
MISCELLANEOUS WASHINGTON NEWS.,1,1861
SEN ATOR MASON'S PROPERTY.,1,1861
Passengers Arrived.,1,1861
A PIRATE OFF CAPE ANN.,1,1861
SOUTHERN ITEMS VIA LOUISVILLE.,1,1861
Passengers Sailed.,1,1861
Movements of Ocean Steamers.,1,1861
NAVAL OPERATIONS.,1,1861
REPORTS FROM THE REBELS.,1,1861
DELEGATES TO THE DEMOCRATIC STATE CONVENTION.,1,1861
THE NEW-YORK SEVENTEENTH.,1,1861
Cricket.; ALL MASSACHUSETTS VS. NEW-YORK.,1,1861
BEAUTIFUL CUP FOR THE WOODLAWN,1,1861
Details of the Fight in the Kanawha Valley.; The Rebels Outnumber the Nationals Ten to One. THE REBEL COLORS CAPTURED. RUMORED ADVANCE OF BEW McCULLOCH. The Expedition from fortress Monroe Net an Offensive One. REPORTED SKIRMISHES NEAR WASHINGTON. Telegraphic Communication with the Rebels Cut Off. BRISK MOVEMENTS OF TROOPS. MORE PRISONERS FOR FORT LAFAYETTE. Gen. Lyon's Remains En Route for the East. Reported Skirmish at Ball's Cross Roads-Bailey's Cross Roads and the ChainBridge.,1,1861
ANOTHER PRIVATEER.,1,1861
TAKING DOWN SECESSION FLAGS IN CONNECTICUT.,1,1861
Foreign Ports.,1,1861
MORE RESIGNATIONS.; FOUR RESIGNED OFFICERS OF THE FRIGATE CONGRESS IN ROUTE TO FORT LAFAYETTE.,1,1861
YANKEES AND WEISKY AS CONTRABAND ARTI,1,1861
CLES.,1,1861
GEN. McCLELLAN'S ANCESTRY.,1,1861
THE ACCIDENT TO THE ETNA.,1,1861
SENATOR MASON'S PROPERTY.,1,1861
DIED.,1,1861
SENATOR WILSON'S REGIMENT.,1,1861
Foreign Ports.,1,1861
Markets by Telegraph.,1,1861
KENTUCKY LEGISLATURE. This body meets,1,1861
SUSPICIOUS VERY.,1,1861
SUSPICIOUS-VERY.,1,1861
Arrival of a British War Steamer.,1,1861
Decisions.; SUPREME COURT SPECIAL TERM.,1,1861
SOLDIERS' RATIONS. Some errors have acci,1,1861
Departure of Ocean Mails.,1,1861
THE NEW-YORK SEVENTEENTH.,1,1861
TRANSACTIONS OF THE REBEL CONGRESS.,1,1861
OPENING OF PUBLIC SCHOOLS IN HUDSON CITY.,1,1861
Passengers Arrived.,1,1861
A GRAVE CHARGE.,1,1861
NON-PAYMENT OF SOLDIERS. The complaints.,1,1861
NEW-JERSEY TROOPS EN ROUTE.,1,1861
NOT SECESSION.,1,1861
A SHOUT OF EXULTATION.,1,1861
DISCOURAGING FROM NEW-MEXICO.,1,1861
A ROCKET BRIGADE.,1,1861
NEW-JERSEY TROOPS EN ROUTE.,1,1861
The New Oath of Allegiance.,1,1861
Arrivals in the City.,1,1861
Volunteer Soldiers.,1,1861
A ROCKET BRIGADE.,1,1861
Amusements this Evening.,1,1861
The Beginnings of Slavery.,1,1861
A SECESSIONIST PROBABLY.,1,1861
THE REMAINS OF GEN. LYON.,1,1861
Decisions.; SUPREME COURT CHAMBERS.,1,1861
THE STEVENS BATTERY. Congress seems to,1,1861
NEW-YORK TROOPS EN ROUTE.,1,1861
MARRIED.,1,1861
DIED.,1,1861
CHANGES IN THE CABINET TENURE OF OFFICE.,1,1861
ANOTHER CANDIDATE FOR FORT LAFAETTE.,1,1861
THE AMERICAN CALL FOR MONEY.,1,1861
Obituary.,1,1861
FROM GEN. BANKS' COLUMN.; RUMORS OF ADVANCING REBELS. CONDITION OF GEN. BANKS' DIVISION THE TRAITORS STEALING LOCOMOTIVES.,1,1861
OUR POLITICAL SYSTEM UNDER DISCUSSION.,1,1861
THE ARMY IN WESTERN VIRGINIA.,1,1861
A SMALL AFFAIRS Would it not be worth,1,1861
"REPUBLICAN CONVENTION AT WILKESBARRE, PA.",1,1861
Passengers Arrived.,1,1861
AMERICAN LOYALTY AT THE ANTIPODES.,1,1861
DOUBTFUL LOYALTY. A Cincinnati paper,1,1861
IMPORTANT ARRESTS IN MARYLAND.,1,1861
WENDELL PHILLIPS AGAIN. We copy from,1,1861
PROSPECTS OF A BATTLE.,1,1861
From Cape Race.,1,1861
LAUNCH OF THE TUSCARORA.,1,1861
"HON. MR. NELSON, OF TENNESSEE. Much con",1,1861
MAIL FOR FLORIDA FORTS.,1,1861
MARTIAL LAW IN NASHVILLE.,1,1861
Departure of Ocean Mails.,1,1861
THE SKIRMISHES IN VIRGINIA.; THE REBELS DRIVEN BACK. A YANKEE TRICK PLAYED UPON THEM LITTLE OR NO BLOODSHED.,1,1861
Movements of Ocean Steamers.,1,1861
Arrivals in the City.,1,1861
GEN. DIX'S COMMAND.; REPORTED ARREST OF COL. STROHIER.,1,1861
EFFECT OF THE WAR ON COMMERCE.,1,1861
CLEARANCES TO MATAMORAS STOPPED.,1,1861
MILITARY AFFAIRS IN MASSACHUSETTS.,1,1861
From Belize.; MERCANTILE INTELLIGENCE.,1,1861
Mails Close at the Post-office.,1,1861
NAVAL AND MILITARY MOVEMENTS.,1,1861
LATEST COMMERCIAL INTELLIGENCE VIA QUEENSTOWN.,1,1861
A STARTLING CHANGE.,1,1861
Markets by Telegraph.,1,1861
LATEST REPORTS FROM MISSOURI.; FUTILE ATTEMPT TO BLOW UP A TRAIN FIFTEEN HUNDRED REBELS REPORTED AT SPRING CREEK.,1,1861
Regulars and Volunteers.,1,1861
GENERAL MARKETS.,1,1861
THE NEW-JERSEY FIFTH REGIMENT.,1,1861
FROM FORTRESS MONROE.,1,1861
ANOTHER ARREST FOR TREASON.,1,1861
A PLEA THAT WOULD NOT AVAIL.,1,1861
THE KNIGHTS OF THE GOLDEN CIRCLE.,1,1861
Ohio Wool Crop.,1,1861
Philadelphia Stock Board.,1,1861
DOINGS OF THE NAVY DEPARTMENT.,1,1861
RUNNING THE BLOCKADE.,1,1861
QUALITY OF FOOD FOR THE ARMY. There is,1,1861
MISCELLANEOUS WASHINGTON NEWS.,1,1861
LORD BROUGHAM ALLUDES TO THE SUBJECT.,1,1861
New-Jersey.,1,1861
To Subscribers.,1,1861
THE PRIVATEER FIREFLY STORY.,1,1861
A REBEL KILLED BY A WOMAN.,1,1861
CENTRAL PARK.--,1,1861
THE TRAITORS IN NIAGARA COUNTY.,1,1861
Rebel Clutches on Kentucky.,1,1861
AFFAIRS IN NEW-MEXICO.; THE SURRENDER OF NATIONAL TROOPS--ARREST OF TRAITORS--EFFORTS OF COL. CANBY--FORT STANTON BURNED.,1,1861
LAW REPORTS.; Decisions.,1,1861
FROM THE SEAT OF WAR IN VIRGINIA.,1,1861
HON. JOSEPH HOLT.--,1,1861
WHO FOUGHT THE BATTLE?,1,1861
Large Fire in Boston.,1,1861
A COMPARISON AND A FALLACY.--,1,1861
Obituary 2 -- No Title,1,1861
The Irish Brigade.,1,1861
BROOKLYN MILITARY MATTERS.,1,1861
ANOTHER FEMALE REBEL.,1,1861
The Principles at Stake.,1,1861
A Two-Sided Philanthropy.,1,1861
A NOTE FROM REV. DR. OSGOOD.,1,1861
GUNS FOR KENTUCKY.,1,1861
THE BATTLE IN MISSOURI.,1,1861
Affairs at Washington.,1,1861
A Recusant Unionist.,1,1861
MILITARY AND NAVAL MOVEMENTS.,1,1861
MISCELLANEOUS WASHINGTON NEWS.; THE EAST INDIA SQUADRON COMING HOME--SECESSION BRIBES TO SOUTHERN OFFICERS IN THE NAVY--LIST VOLUNTEER OFFICERS INTHE NAVY APPOINTED--NEW REGULATIONS CONCERNING LAND WARRANTS.,1,1861
Obituary 3 -- No Title,1,1861
PRICES TO SUIT THE TIMES.--,1,1861
ARKANSAS TROOPS IN THE FIELD.,1,1861
THE SITUATION.,1,1861
RICHMOND PRICE CURRENT.,1,1861
HOW A NORTHERN REBEL LOST A FORTUNE.,1,1861
FROM FORT PICKENS.,1,1861
A.R. BOTELER.,1,1861
Obituary 1 -- No Title,1,1861
THE BLOCKADE OF GALVESTON.,1,1861
